SEASON,TEAM_ABBREVIATION,PLAY_TYPE,PPP_ML
2019-20,ATL,Cut,1.2844779951854826
2019-20,ATL,Handoff,0.926695371806383
2019-20,ATL,Isolation,0.9169462098128226
2019-20,ATL,Misc,0.5551644842135894
2019-20,ATL,OffRebound,1.0962872579170477
2019-20,ATL,OffScreen,0.9713699839486356
2019-20,ATL,PRBallHandler,0.8838015787430445
2019-20,ATL,PRRollMan,1.1311495655771617
2019-20,ATL,Postup,0.927494974874372
2019-20,ATL,Spotup,1.0195589223682224
2019-20,ATL,Transition,1.1086834875463285
2019-20,BKN,Cut,1.2844779951854826
2019-20,BKN,Handoff,0.926695371806383
2019-20,BKN,Isolation,0.9169462098128226
2019-20,BKN,Misc,0.5551644842135894
2019-20,BKN,OffRebound,1.0962872579170477
2019-20,BKN,OffScreen,0.9713699839486356
2019-20,BKN,PRBallHandler,0.8838015787430445
2019-20,BKN,PRRollMan,1.1311495655771617
2019-20,BKN,Postup,0.927494974874372
2019-20,BKN,Spotup,1.0195589223682224
2019-20,BKN,Transition,1.1086834875463285
2019-20,BOS,Cut,1.2844779951854826
2019-20,BOS,Handoff,0.926695371806383
2019-20,BOS,Isolation,0.9169462098128226
2019-20,BOS,Misc,0.5551644842135894
2019-20,BOS,OffRebound,1.0962872579170477
2019-20,BOS,OffScreen,0.9713699839486356
2019-20,BOS,PRBallHandler,0.8838015787430445
2019-20,BOS,PRRollMan,1.1311495655771617
2019-20,BOS,Postup,0.927494974874372
2019-20,BOS,Spotup,1.0195589223682224
2019-20,BOS,Transition,1.1086834875463285
2019-20,CHA,Cut,1.2844779951854826
2019-20,CHA,Handoff,0.926695371806383
2019-20,CHA,Isolation,0.9169462098128226
2019-20,CHA,Misc,0.5551644842135894
2019-20,CHA,OffRebound,1.0962872579170477
2019-20,CHA,OffScreen,0.9713699839486356
2019-20,CHA,PRBallHandler,0.8838015787430445
2019-20,CHA,PRRollMan,1.1311495655771617
2019-20,CHA,Postup,0.927494974874372
2019-20,CHA,Spotup,1.0195589223682224
2019-20,CHA,Transition,1.1086834875463285
2019-20,CHI,Cut,1.2844779951854826
2019-20,CHI,Handoff,0.926695371806383
2019-20,CHI,Isolation,0.9169462098128226
2019-20,CHI,Misc,0.5551644842135894
2019-20,CHI,OffRebound,1.0962872579170477
2019-20,CHI,OffScreen,0.9713699839486356
2019-20,CHI,PRBallHandler,0.8838015787430445
2019-20,CHI,PRRollMan,1.1311495655771617
2019-20,CHI,Postup,0.927494974874372
2019-20,CHI,Spotup,1.0195589223682224
2019-20,CHI,Transition,1.1086834875463285
2019-20,CLE,Cut,1.2844779951854826
2019-20,CLE,Handoff,0.926695371806383
2019-20,CLE,Isolation,0.9169462098128226
2019-20,CLE,Misc,0.5551644842135894
2019-20,CLE,OffRebound,1.0962872579170477
2019-20,CLE,OffScreen,0.9713699839486356
2019-20,CLE,PRBallHandler,0.8838015787430445
2019-20,CLE,PRRollMan,1.1311495655771617
2019-20,CLE,Postup,0.927494974874372
2019-20,CLE,Spotup,1.0195589223682224
2019-20,CLE,Transition,1.1086834875463285
2019-20,DAL,Cut,1.2844779951854826
2019-20,DAL,Handoff,0.926695371806383
2019-20,DAL,Isolation,0.9169462098128226
2019-20,DAL,Misc,0.5551644842135894
2019-20,DAL,OffRebound,1.0962872579170477
2019-20,DAL,OffScreen,0.9713699839486356
2019-20,DAL,PRBallHandler,0.8838015787430445
2019-20,DAL,PRRollMan,1.1311495655771617
2019-20,DAL,Postup,0.927494974874372
2019-20,DAL,Spotup,1.0195589223682224
2019-20,DAL,Transition,1.1086834875463285
2019-20,DEN,Cut,1.2844779951854826
2019-20,DEN,Handoff,0.926695371806383
2019-20,DEN,Isolation,0.9169462098128226
2019-20,DEN,Misc,0.5551644842135894
2019-20,DEN,OffRebound,1.0962872579170477
2019-20,DEN,OffScreen,0.9713699839486356
2019-20,DEN,PRBallHandler,0.8838015787430445
2019-20,DEN,PRRollMan,1.1311495655771617
2019-20,DEN,Postup,0.927494974874372
2019-20,DEN,Spotup,1.0195589223682224
2019-20,DEN,Transition,1.1086834875463285
2019-20,DET,Cut,1.2844779951854826
2019-20,DET,Handoff,0.926695371806383
2019-20,DET,Isolation,0.9169462098128226
2019-20,DET,Misc,0.5551644842135894
2019-20,DET,OffRebound,1.0962872579170477
2019-20,DET,OffScreen,0.9713699839486356
2019-20,DET,PRBallHandler,0.8838015787430445
2019-20,DET,PRRollMan,1.1311495655771617
2019-20,DET,Postup,0.927494974874372
2019-20,DET,Spotup,1.0195589223682224
2019-20,DET,Transition,1.1086834875463285
2019-20,GSW,Cut,1.2844779951854826
2019-20,GSW,Handoff,0.926695371806383
2019-20,GSW,Isolation,0.9169462098128226
2019-20,GSW,Misc,0.5551644842135894
2019-20,GSW,OffRebound,1.0962872579170477
2019-20,GSW,OffScreen,0.9713699839486356
2019-20,GSW,PRBallHandler,0.8838015787430445
2019-20,GSW,PRRollMan,1.1311495655771617
2019-20,GSW,Postup,0.927494974874372
2019-20,GSW,Spotup,1.0195589223682224
2019-20,GSW,Transition,1.1086834875463285
2019-20,HOU,Cut,1.2844779951854826
2019-20,HOU,Handoff,0.926695371806383
2019-20,HOU,Isolation,0.9169462098128226
2019-20,HOU,Misc,0.5551644842135894
2019-20,HOU,OffRebound,1.0962872579170477
2019-20,HOU,OffScreen,0.9713699839486356
2019-20,HOU,PRBallHandler,0.8838015787430445
2019-20,HOU,PRRollMan,1.1311495655771617
2019-20,HOU,Postup,0.927494974874372
2019-20,HOU,Spotup,1.0195589223682224
2019-20,HOU,Transition,1.1086834875463285
2019-20,IND,Cut,1.2844779951854826
2019-20,IND,Handoff,0.926695371806383
2019-20,IND,Isolation,0.9169462098128226
2019-20,IND,Misc,0.5551644842135894
2019-20,IND,OffRebound,1.0962872579170477
2019-20,IND,OffScreen,0.9713699839486356
2019-20,IND,PRBallHandler,0.8838015787430445
2019-20,IND,PRRollMan,1.1311495655771617
2019-20,IND,Postup,0.927494974874372
2019-20,IND,Spotup,1.0195589223682224
2019-20,IND,Transition,1.1086834875463285
2019-20,LAC,Cut,1.2844779951854826
2019-20,LAC,Handoff,0.926695371806383
2019-20,LAC,Isolation,0.9169462098128226
2019-20,LAC,Misc,0.5551644842135894
2019-20,LAC,OffRebound,1.0962872579170477
2019-20,LAC,OffScreen,0.9713699839486356
2019-20,LAC,PRBallHandler,0.8838015787430445
2019-20,LAC,PRRollMan,1.1311495655771617
2019-20,LAC,Postup,0.927494974874372
2019-20,LAC,Spotup,1.0195589223682224
2019-20,LAC,Transition,1.1086834875463285
2019-20,LAL,Cut,1.2844779951854826
2019-20,LAL,Handoff,0.926695371806383
2019-20,LAL,Isolation,0.9169462098128226
2019-20,LAL,Misc,0.5551644842135894
2019-20,LAL,OffRebound,1.0962872579170477
2019-20,LAL,OffScreen,0.9713699839486356
2019-20,LAL,PRBallHandler,0.8838015787430445
2019-20,LAL,PRRollMan,1.1311495655771617
2019-20,LAL,Postup,0.927494974874372
2019-20,LAL,Spotup,1.0195589223682224
2019-20,LAL,Transition,1.1086834875463285
2019-20,MEM,Cut,1.2844779951854826
2019-20,MEM,Handoff,0.926695371806383
2019-20,MEM,Isolation,0.9169462098128226
2019-20,MEM,Misc,0.5551644842135894
2019-20,MEM,OffRebound,1.0962872579170477
2019-20,MEM,OffScreen,0.9713699839486356
2019-20,MEM,PRBallHandler,0.8838015787430445
2019-20,MEM,PRRollMan,1.1311495655771617
2019-20,MEM,Postup,0.927494974874372
2019-20,MEM,Spotup,1.0195589223682224
2019-20,MEM,Transition,1.1086834875463285
2019-20,MIA,Cut,1.2844779951854826
2019-20,MIA,Handoff,0.926695371806383
2019-20,MIA,Isolation,0.9169462098128226
2019-20,MIA,Misc,0.5551644842135894
2019-20,MIA,OffRebound,1.0962872579170477
2019-20,MIA,OffScreen,0.9713699839486356
2019-20,MIA,PRBallHandler,0.8838015787430445
2019-20,MIA,PRRollMan,1.1311495655771617
2019-20,MIA,Postup,0.927494974874372
2019-20,MIA,Spotup,1.0195589223682224
2019-20,MIA,Transition,1.1086834875463285
2019-20,MIL,Cut,1.2844779951854826
2019-20,MIL,Handoff,0.926695371806383
2019-20,MIL,Isolation,0.9169462098128226
2019-20,MIL,Misc,0.5551644842135894
2019-20,MIL,OffRebound,1.0962872579170477
2019-20,MIL,OffScreen,0.9713699839486356
2019-20,MIL,PRBallHandler,0.8838015787430445
2019-20,MIL,PRRollMan,1.1311495655771617
2019-20,MIL,Postup,0.927494974874372
2019-20,MIL,Spotup,1.0195589223682224
2019-20,MIL,Transition,1.1086834875463285
2019-20,MIN,Cut,1.2844779951854826
2019-20,MIN,Handoff,0.926695371806383
2019-20,MIN,Isolation,0.9169462098128226
2019-20,MIN,Misc,0.5551644842135894
2019-20,MIN,OffRebound,1.0962872579170477
2019-20,MIN,OffScreen,0.9713699839486356
2019-20,MIN,PRBallHandler,0.8838015787430445
2019-20,MIN,PRRollMan,1.1311495655771617
2019-20,MIN,Postup,0.927494974874372
2019-20,MIN,Spotup,1.0195589223682224
2019-20,MIN,Transition,1.1086834875463285
2019-20,NOP,Cut,1.2844779951854826
2019-20,NOP,Handoff,0.926695371806383
2019-20,NOP,Isolation,0.9169462098128226
2019-20,NOP,Misc,0.5551644842135894
2019-20,NOP,OffRebound,1.0962872579170477
2019-20,NOP,OffScreen,0.9713699839486356
2019-20,NOP,PRBallHandler,0.8838015787430445
2019-20,NOP,PRRollMan,1.1311495655771617
2019-20,NOP,Postup,0.927494974874372
2019-20,NOP,Spotup,1.0195589223682224
2019-20,NOP,Transition,1.1086834875463285
2019-20,NYK,Cut,1.2844779951854826
2019-20,NYK,Handoff,0.926695371806383
2019-20,NYK,Isolation,0.9169462098128226
2019-20,NYK,Misc,0.5551644842135894
2019-20,NYK,OffRebound,1.0962872579170477
2019-20,NYK,OffScreen,0.9713699839486356
2019-20,NYK,PRBallHandler,0.8838015787430445
2019-20,NYK,PRRollMan,1.1311495655771617
2019-20,NYK,Postup,0.927494974874372
2019-20,NYK,Spotup,1.0195589223682224
2019-20,NYK,Transition,1.1086834875463285
2019-20,OKC,Cut,1.2844779951854826
2019-20,OKC,Handoff,0.926695371806383
2019-20,OKC,Isolation,0.9169462098128226
2019-20,OKC,Misc,0.5551644842135894
2019-20,OKC,OffRebound,1.0962872579170477
2019-20,OKC,OffScreen,0.9713699839486356
2019-20,OKC,PRBallHandler,0.8838015787430445
2019-20,OKC,PRRollMan,1.1311495655771617
2019-20,OKC,Postup,0.927494974874372
2019-20,OKC,Spotup,1.0195589223682224
2019-20,OKC,Transition,1.1086834875463285
2019-20,ORL,Cut,1.2844779951854826
2019-20,ORL,Handoff,0.926695371806383
2019-20,ORL,Isolation,0.9169462098128226
2019-20,ORL,Misc,0.5551644842135894
2019-20,ORL,OffRebound,1.0962872579170477
2019-20,ORL,OffScreen,0.9713699839486356
2019-20,ORL,PRBallHandler,0.8838015787430445
2019-20,ORL,PRRollMan,1.1311495655771617
2019-20,ORL,Postup,0.927494974874372
2019-20,ORL,Spotup,1.0195589223682224
2019-20,ORL,Transition,1.1086834875463285
2019-20,PHI,Cut,1.2844779951854826
2019-20,PHI,Handoff,0.926695371806383
2019-20,PHI,Isolation,0.9169462098128226
2019-20,PHI,Misc,0.5551644842135894
2019-20,PHI,OffRebound,1.0962872579170477
2019-20,PHI,OffScreen,0.9713699839486356
2019-20,PHI,PRBallHandler,0.8838015787430445
2019-20,PHI,PRRollMan,1.1311495655771617
2019-20,PHI,Postup,0.927494974874372
2019-20,PHI,Spotup,1.0195589223682224
2019-20,PHI,Transition,1.1086834875463285
2019-20,PHX,Cut,1.2844779951854826
2019-20,PHX,Handoff,0.926695371806383
2019-20,PHX,Isolation,0.9169462098128226
2019-20,PHX,Misc,0.5551644842135894
2019-20,PHX,OffRebound,1.0962872579170477
2019-20,PHX,OffScreen,0.9713699839486356
2019-20,PHX,PRBallHandler,0.8838015787430445
2019-20,PHX,PRRollMan,1.1311495655771617
2019-20,PHX,Postup,0.927494974874372
2019-20,PHX,Spotup,1.0195589223682224
2019-20,PHX,Transition,1.1086834875463285
2019-20,POR,Cut,1.2844779951854826
2019-20,POR,Handoff,0.926695371806383
2019-20,POR,Isolation,0.9169462098128226
2019-20,POR,Misc,0.5551644842135894
2019-20,POR,OffRebound,1.0962872579170477
2019-20,POR,OffScreen,0.9713699839486356
2019-20,POR,PRBallHandler,0.8838015787430445
2019-20,POR,PRRollMan,1.1311495655771617
2019-20,POR,Postup,0.927494974874372
2019-20,POR,Spotup,1.0195589223682224
2019-20,POR,Transition,1.1086834875463285
2019-20,SAC,Cut,1.2844779951854826
2019-20,SAC,Handoff,0.926695371806383
2019-20,SAC,Isolation,0.9169462098128226
2019-20,SAC,Misc,0.5551644842135894
2019-20,SAC,OffRebound,1.0962872579170477
2019-20,SAC,OffScreen,0.9713699839486356
2019-20,SAC,PRBallHandler,0.8838015787430445
2019-20,SAC,PRRollMan,1.1311495655771617
2019-20,SAC,Postup,0.927494974874372
2019-20,SAC,Spotup,1.0195589223682224
2019-20,SAC,Transition,1.1086834875463285
2019-20,SAS,Cut,1.2844779951854826
2019-20,SAS,Handoff,0.926695371806383
2019-20,SAS,Isolation,0.9169462098128226
2019-20,SAS,Misc,0.5551644842135894
2019-20,SAS,OffRebound,1.0962872579170477
2019-20,SAS,OffScreen,0.9713699839486356
2019-20,SAS,PRBallHandler,0.8838015787430445
2019-20,SAS,PRRollMan,1.1311495655771617
2019-20,SAS,Postup,0.927494974874372
2019-20,SAS,Spotup,1.0195589223682224
2019-20,SAS,Transition,1.1086834875463285
2019-20,TOR,Cut,1.2844779951854826
2019-20,TOR,Handoff,0.926695371806383
2019-20,TOR,Isolation,0.9169462098128226
2019-20,TOR,Misc,0.5551644842135894
2019-20,TOR,OffRebound,1.0962872579170477
2019-20,TOR,OffScreen,0.9713699839486356
2019-20,TOR,PRBallHandler,0.8838015787430445
2019-20,TOR,PRRollMan,1.1311495655771617
2019-20,TOR,Postup,0.927494974874372
2019-20,TOR,Spotup,1.0195589223682224
2019-20,TOR,Transition,1.1086834875463285
2019-20,UTA,Cut,1.2844779951854826
2019-20,UTA,Handoff,0.926695371806383
2019-20,UTA,Isolation,0.9169462098128226
2019-20,UTA,Misc,0.5551644842135894
2019-20,UTA,OffRebound,1.0962872579170477
2019-20,UTA,OffScreen,0.9713699839486356
2019-20,UTA,PRBallHandler,0.8838015787430445
2019-20,UTA,PRRollMan,1.1311495655771617
2019-20,UTA,Postup,0.927494974874372
2019-20,UTA,Spotup,1.0195589223682224
2019-20,UTA,Transition,1.1086834875463285
2019-20,WAS,Cut,1.2844779951854826
2019-20,WAS,Handoff,0.926695371806383
2019-20,WAS,Isolation,0.9169462098128226
2019-20,WAS,Misc,0.5551644842135894
2019-20,WAS,OffRebound,1.0962872579170477
2019-20,WAS,OffScreen,0.9713699839486356
2019-20,WAS,PRBallHandler,0.8838015787430445
2019-20,WAS,PRRollMan,1.1311495655771617
2019-20,WAS,Postup,0.927494974874372
2019-20,WAS,Spotup,1.0195589223682224
2019-20,WAS,Transition,1.1086834875463285
2020-21,ATL,Cut,1.2371230287851438
2020-21,ATL,Handoff,0.8089513491146771
2020-21,ATL,Isolation,0.900269161309402
2020-21,ATL,Misc,0.5799285043176575
2020-21,ATL,OffRebound,1.1503935711872346
2020-21,ATL,OffScreen,1.025564276281621
2020-21,ATL,PRBallHandler,0.9209911846137433
2020-21,ATL,PRRollMan,1.235688058818114
2020-21,ATL,Postup,0.9575979428561783
2020-21,ATL,Spotup,1.0685965505683017
2020-21,ATL,Transition,1.122385130254734
2020-21,BKN,Cut,1.3096326798742945
2020-21,BKN,Handoff,1.0829133389653813
2020-21,BKN,Isolation,1.0540212638921787
2020-21,BKN,Misc,0.6054253527974689
2020-21,BKN,OffRebound,1.1453422181223685
2020-21,BKN,OffScreen,1.02127501808035
2020-21,BKN,PRBallHandler,0.9180055982579951
2020-21,BKN,PRRollMan,1.1622954289607716
2020-21,BKN,Postup,1.072245012636184
2020-21,BKN,Spotup,1.1136150102285416
2020-21,BKN,Transition,1.1513467686250676
2020-21,BOS,Cut,1.336864030764571
2020-21,BOS,Handoff,0.975204226951429
2020-21,BOS,Isolation,0.852328193503451
2020-21,BOS,Misc,0.5551768518765218
2020-21,BOS,OffRebound,1.0987101169315392
2020-21,BOS,OffScreen,0.9593451682243394
2020-21,BOS,PRBallHandler,0.9202594133667978
2020-21,BOS,PRRollMan,1.0871561655834303
2020-21,BOS,Postup,0.9357793001882566
2020-21,BOS,Spotup,1.084513511741711
2020-21,BOS,Transition,1.1685366934072554
2020-21,CHA,Cut,1.1546922613570358
2020-21,CHA,Handoff,1.0167511709249744
2020-21,CHA,Isolation,0.975797635038167
2020-21,CHA,Misc,0.5711038887504267
2020-21,CHA,OffRebound,0.9405377622210356
2020-21,CHA,OffScreen,0.8737077315094595
2020-21,CHA,PRBallHandler,0.82081969664999
2020-21,CHA,PRRollMan,1.0650556026478528
2020-21,CHA,Postup,0.7807811391257832
2020-21,CHA,Spotup,1.0283569848524872
2020-21,CHA,Transition,1.1474462948734736
2020-21,CHI,Cut,1.4116130033853191
2020-21,CHI,Handoff,0.8735845625287635
2020-21,CHI,Isolation,0.955880281000308
2020-21,CHI,Misc,0.570973087909823
2020-21,CHI,OffRebound,1.1456338763597036
2020-21,CHI,OffScreen,0.9656463715857659
2020-21,CHI,PRBallHandler,0.9162081751716751
2020-21,CHI,PRRollMan,1.0179388558684201
2020-21,CHI,Postup,1.0036530319958359
2020-21,CHI,Spotup,1.0185423284121804
2020-21,CHI,Transition,1.1267685490994044
2020-21,CLE,Cut,1.2355097148417435
2020-21,CLE,Handoff,0.9187837922091759
2020-21,CLE,Isolation,0.773055284008921
2020-21,CLE,Misc,0.5741873556829629
2020-21,CLE,OffRebound,1.1011252570956032
2020-21,CLE,OffScreen,0.9978087214204289
2020-21,CLE,PRBallHandler,0.8308087968750504
2020-21,CLE,PRRollMan,1.1655177017326275
2020-21,CLE,Postup,0.8311794570731854
2020-21,CLE,Spotup,0.912538874932632
2020-21,CLE,Transition,1.1310101963141783
2020-21,DAL,Cut,1.320936001969791
2020-21,DAL,Handoff,1.0248241386846213
2020-21,DAL,Isolation,0.9742148718192588
2020-21,DAL,Misc,0.6541806612487105
2020-21,DAL,OffRebound,1.0715803042820433
2020-21,DAL,OffScreen,1.0746814873050452
2020-21,DAL,PRBallHandler,0.9966576255539856
2020-21,DAL,PRRollMan,1.1909923390197572
2020-21,DAL,Postup,0.9901386418375129
2020-21,DAL,Spotup,1.0503203437332813
2020-21,DAL,Transition,1.1089981905827995
2020-21,DEN,Cut,1.2977804252266254
2020-21,DEN,Handoff,0.993393450284515
2020-21,DEN,Isolation,0.9018903157752002
2020-21,DEN,Misc,0.6164854608408143
2020-21,DEN,OffRebound,1.2151849347827226
2020-21,DEN,OffScreen,1.0942201767946094
2020-21,DEN,PRBallHandler,0.9017291092752611
2020-21,DEN,PRRollMan,1.1156056572995574
2020-21,DEN,Postup,0.954942002405915
2020-21,DEN,Spotup,1.0907330571573846
2020-21,DEN,Transition,1.125853289870054
2020-21,DET,Cut,1.325947848441684
2020-21,DET,Handoff,0.9676474508741294
2020-21,DET,Isolation,0.7676999429290011
2020-21,DET,Misc,0.49723503497030924
2020-21,DET,OffRebound,1.1447663107642494
2020-21,DET,OffScreen,0.9934870298691346
2020-21,DET,PRBallHandler,0.804948382008352
2020-21,DET,PRRollMan,1.1755128903050671
2020-21,DET,Postup,0.9402030947821253
2020-21,DET,Spotup,0.9691567847388454
2020-21,DET,Transition,1.1337891109323568
2020-21,GSW,Cut,1.2933362935010821
2020-21,GSW,Handoff,1.0202383279672191
2020-21,GSW,Isolation,0.9555371099896115
2020-21,GSW,Misc,0.5150590965111291
2020-21,GSW,OffRebound,1.0316489411723146
2020-21,GSW,OffScreen,1.0299926414789395
2020-21,GSW,PRBallHandler,0.9511265786820379
2020-21,GSW,PRRollMan,1.1699840093978464
2020-21,GSW,Postup,0.8486759744250643
2020-21,GSW,Spotup,0.9907169382078957
2020-21,GSW,Transition,1.1330766893414381
2020-21,HOU,Cut,1.3417579952576641
2020-21,HOU,Handoff,0.8739854182314433
2020-21,HOU,Isolation,0.8752914832218723
2020-21,HOU,Misc,0.5584746576966538
2020-21,HOU,OffRebound,1.1276339241312296
2020-21,HOU,OffScreen,0.9923759239963906
2020-21,HOU,PRBallHandler,0.8653497202951366
2020-21,HOU,PRRollMan,1.1714862953779852
2020-21,HOU,Postup,0.9290204145826695
2020-21,HOU,Spotup,0.9813795207227084
2020-21,HOU,Transition,1.0520882991747595
2020-21,IND,Cut,1.3440709594963525
2020-21,IND,Handoff,0.914621833318378
2020-21,IND,Isolation,0.8525682410452069
2020-21,IND,Misc,0.5932708411991394
2020-21,IND,OffRebound,1.1313362797201063
2020-21,IND,OffScreen,1.0096032328531093
2020-21,IND,PRBallHandler,0.9050133890363773
2020-21,IND,PRRollMan,1.0961613129004992
2020-21,IND,Postup,0.8511109416503346
2020-21,IND,Spotup,1.0513997924799612
2020-21,IND,Transition,1.135268354973883
2020-21,LAC,Cut,1.3692802046989303
2020-21,LAC,Handoff,0.9300570651676942
2020-21,LAC,Isolation,0.9404989378552456
2020-21,LAC,Misc,0.6064129481965956
2020-21,LAC,OffRebound,1.0922920634609055
2020-21,LAC,OffScreen,1.0321707348801499
2020-21,LAC,PRBallHandler,0.933793706085728
2020-21,LAC,PRRollMan,1.1305454151090513
2020-21,LAC,Postup,0.9933928673407971
2020-21,LAC,Spotup,1.2218006685797687
2020-21,LAC,Transition,1.1194306408208814
2020-21,LAL,Cut,1.3477004241561013
2020-21,LAL,Handoff,0.8500842775937346
2020-21,LAL,Isolation,0.8347966881399486
2020-21,LAL,Misc,0.5440201057851064
2020-21,LAL,OffRebound,1.1597033663264105
2020-21,LAL,OffScreen,0.9617636998086257
2020-21,LAL,PRBallHandler,0.859899823759167
2020-21,LAL,PRRollMan,1.0963082637937362
2020-21,LAL,Postup,0.9402365679618174
2020-21,LAL,Spotup,0.996904433419944
2020-21,LAL,Transition,1.1287412770324965
2020-21,MEM,Cut,1.2137223723617994
2020-21,MEM,Handoff,0.86869239180632
2020-21,MEM,Isolation,0.9435294762830588
2020-21,MEM,Misc,0.6363338384403182
2020-21,MEM,OffRebound,1.2145385216937925
2020-21,MEM,OffScreen,0.8848024115837376
2020-21,MEM,PRBallHandler,0.8450030619566524
2020-21,MEM,PRRollMan,1.1500703833349326
2020-21,MEM,Postup,0.972397985199047
2020-21,MEM,Spotup,1.029571029864747
2020-21,MEM,Transition,1.1231561132833234
2020-21,MIA,Cut,1.2219115462357197
2020-21,MIA,Handoff,0.9683960357726705
2020-21,MIA,Isolation,0.8914726243056318
2020-21,MIA,Misc,0.5181924961206122
2020-21,MIA,OffRebound,1.1534999823884913
2020-21,MIA,OffScreen,1.1038697761214693
2020-21,MIA,PRBallHandler,0.8429883508838829
2020-21,MIA,PRRollMan,1.240882779103751
2020-21,MIA,Postup,0.9242785337915712
2020-21,MIA,Spotup,1.0248204928775084
2020-21,MIA,Transition,1.122322957815954
2020-21,MIL,Cut,1.3320084501450908
2020-21,MIL,Handoff,1.071302055608394
2020-21,MIL,Isolation,0.9671989192291705
2020-21,MIL,Misc,0.5910774120751727
2020-21,MIL,OffRebound,1.102202562204887
2020-21,MIL,OffScreen,0.9313443952619535
2020-21,MIL,PRBallHandler,0.9227359705707616
2020-21,MIL,PRRollMan,1.1527377751329526
2020-21,MIL,Postup,0.9215164919640934
2020-21,MIL,Spotup,1.0829728915674435
2020-21,MIL,Transition,1.114968170164651
2020-21,MIN,Cut,1.2891197893337578
2020-21,MIN,Handoff,0.9203228584547342
2020-21,MIN,Isolation,0.9122975105732402
2020-21,MIN,Misc,0.6489557595595516
2020-21,MIN,OffRebound,1.1336756025092982
2020-21,MIN,OffScreen,0.9513740175116316
2020-21,MIN,PRBallHandler,0.8055229545936968
2020-21,MIN,PRRollMan,1.1433312568008327
2020-21,MIN,Postup,0.8544822560241826
2020-21,MIN,Spotup,0.9889778229204775
2020-21,MIN,Transition,1.1207076025091247
2020-21,NOP,Cut,1.2724544367794435
2020-21,NOP,Handoff,0.9089867972549548
2020-21,NOP,Isolation,0.9154233809474589
2020-21,NOP,Misc,0.5362217215924234
2020-21,NOP,OffRebound,1.133511571675688
2020-21,NOP,OffScreen,1.004833094553662
2020-21,NOP,PRBallHandler,0.9005910293511635
2020-21,NOP,PRRollMan,1.1159986529470476
2020-21,NOP,Postup,1.0184458441411477
2020-21,NOP,Spotup,1.0303290982840736
2020-21,NOP,Transition,1.1358210524856331
2020-21,NYK,Cut,1.162598329335372
2020-21,NYK,Handoff,0.96783589160701
2020-21,NYK,Isolation,0.9112225449945954
2020-21,NYK,Misc,0.6865040099278769
2020-21,NYK,OffRebound,1.058495674092274
2020-21,NYK,OffScreen,0.8803571527936884
2020-21,NYK,PRBallHandler,0.8826231794178118
2020-21,NYK,PRRollMan,1.119368373033364
2020-21,NYK,Postup,0.9411649434397731
2020-21,NYK,Spotup,1.058007367424088
2020-21,NYK,Transition,1.0935854009384944
2020-21,OKC,Cut,1.2765212408081152
2020-21,OKC,Handoff,0.8265561981973943
2020-21,OKC,Isolation,0.8221267275847743
2020-21,OKC,Misc,0.4988758127117226
2020-21,OKC,OffRebound,1.0629599276874244
2020-21,OKC,OffScreen,1.102747863704174
2020-21,OKC,PRBallHandler,0.8687615222719899
2020-21,OKC,PRRollMan,1.0500613181329332
2020-21,OKC,Postup,0.9786122701457761
2020-21,OKC,Spotup,0.9391501680919059
2020-21,OKC,Transition,0.9998648613264628
2020-21,ORL,Cut,1.250467948009477
2020-21,ORL,Handoff,1.0265898184066766
2020-21,ORL,Isolation,0.7934188904095109
2020-21,ORL,Misc,0.47035764434910976
2020-21,ORL,OffRebound,1.0999960293392705
2020-21,ORL,OffScreen,0.9128465903770612
2020-21,ORL,PRBallHandler,0.8133975272634426
2020-21,ORL,PRRollMan,1.082284625966728
2020-21,ORL,Postup,0.8938437878604573
2020-21,ORL,Spotup,0.9645936202547265
2020-21,ORL,Transition,1.004912197284782
2020-21,PHI,Cut,1.2900160413700321
2020-21,PHI,Handoff,0.9844912148069124
2020-21,PHI,Isolation,0.9431319879312192
2020-21,PHI,Misc,0.5491797450401299
2020-21,PHI,OffRebound,1.15387647258425
2020-21,PHI,OffScreen,1.0162691716547294
2020-21,PHI,PRBallHandler,0.9267073037534023
2020-21,PHI,PRRollMan,1.0738071964550222
2020-21,PHI,Postup,1.028319779481476
2020-21,PHI,Spotup,1.0372788034550804
2020-21,PHI,Transition,1.1280673112675417
2020-21,PHX,Cut,1.3205621718856855
2020-21,PHX,Handoff,0.9232012943936323
2020-21,PHX,Isolation,0.9721431831347144
2020-21,PHX,Misc,0.5458777207534847
2020-21,PHX,OffRebound,1.2324912359242406
2020-21,PHX,OffScreen,0.9100768691253407
2020-21,PHX,PRBallHandler,0.9400541044480194
2020-21,PHX,PRRollMan,1.2119510666576696
2020-21,PHX,Postup,0.9265691647479198
2020-21,PHX,Spotup,1.107171059384124
2020-21,PHX,Transition,1.1787001466800788
2020-21,POR,Cut,1.2457755966953092
2020-21,POR,Handoff,0.9987968101323464
2020-21,POR,Isolation,1.0666739161299736
2020-21,POR,Misc,0.5982394433658051
2020-21,POR,OffRebound,1.0680753049392273
2020-21,POR,OffScreen,1.0380268488250919
2020-21,POR,PRBallHandler,1.0056850270889264
2020-21,POR,PRRollMan,1.1285930743492818
2020-21,POR,Postup,0.8858657329513927
2020-21,POR,Spotup,1.1079427776340653
2020-21,POR,Transition,1.1201703916387504
2020-21,SAC,Cut,1.2706556067748713
2020-21,SAC,Handoff,0.9301375925705745
2020-21,SAC,Isolation,0.9081356242419221
2020-21,SAC,Misc,0.5476235341095215
2020-21,SAC,OffRebound,1.1262478421170212
2020-21,SAC,OffScreen,0.9142572828042491
2020-21,SAC,PRBallHandler,0.9300294166717685
2020-21,SAC,PRRollMan,1.1658638882099042
2020-21,SAC,Postup,0.9383238264527488
2020-21,SAC,Spotup,1.0492196577310426
2020-21,SAC,Transition,1.2150540145318682
2020-21,SAS,Cut,1.287158965043565
2020-21,SAS,Handoff,0.9881445203631377
2020-21,SAS,Isolation,0.9892902008627973
2020-21,SAS,Misc,0.58305281126073
2020-21,SAS,OffRebound,1.0794886295974875
2020-21,SAS,OffScreen,1.162766876936664
2020-21,SAS,PRBallHandler,0.8774150782504331
2020-21,SAS,PRRollMan,1.0774877955039162
2020-21,SAS,Postup,0.9681900507678298
2020-21,SAS,Spotup,1.0038854636226753
2020-21,SAS,Transition,1.110584519472753
2020-21,TOR,Cut,1.285348752088744
2020-21,TOR,Handoff,1.0343033856754045
2020-21,TOR,Isolation,0.8564600654945008
2020-21,TOR,Misc,0.5661445096430084
2020-21,TOR,OffRebound,1.1474439250433943
2020-21,TOR,OffScreen,1.0269717982646143
2020-21,TOR,PRBallHandler,0.9076155617842919
2020-21,TOR,PRRollMan,1.0726200758043969
2020-21,TOR,Postup,0.7940230668320998
2020-21,TOR,Spotup,1.0314188877928319
2020-21,TOR,Transition,1.1269814968530258
2020-21,UTA,Cut,1.3349350203297656
2020-21,UTA,Handoff,0.9731414616240763
2020-21,UTA,Isolation,0.8799449887330718
2020-21,UTA,Misc,0.5808043554520284
2020-21,UTA,OffRebound,1.1940181709016338
2020-21,UTA,OffScreen,1.053329676588886
2020-21,UTA,PRBallHandler,1.0151598838640015
2020-21,UTA,PRRollMan,1.256599238717649
2020-21,UTA,Postup,0.8578483765084352
2020-21,UTA,Spotup,1.0943070582256913
2020-21,UTA,Transition,1.121666075887939
2020-21,WAS,Cut,1.2750443488632128
2020-21,WAS,Handoff,0.9239750700409141
2020-21,WAS,Isolation,0.812958709491071
2020-21,WAS,Misc,0.6525612165120174
2020-21,WAS,OffRebound,1.1421717170530574
2020-21,WAS,OffScreen,1.074650083529476
2020-21,WAS,PRBallHandler,0.8452169321511206
2020-21,WAS,PRRollMan,1.1019896761011567
2020-21,WAS,Postup,0.9951328248489373
2020-21,WAS,Spotup,0.994689191660579
2020-21,WAS,Transition,1.1223917339275564
2021-22,ATL,Cut,1.3527688816993075
2021-22,ATL,Handoff,0.943391778386501
2021-22,ATL,Isolation,0.8865563160636628
2021-22,ATL,Misc,0.7073049422606565
2021-22,ATL,OffRebound,1.0213534481636135
2021-22,ATL,OffScreen,0.898884015409727
2021-22,ATL,PRBallHandler,0.9117713887714239
2021-22,ATL,PRRollMan,1.292198375200347
2021-22,ATL,Postup,0.9413786441854657
2021-22,ATL,Spotup,1.082359991757638
2021-22,ATL,Transition,1.17033330521065
2021-22,BKN,Cut,1.2201361791428176
2021-22,BKN,Handoff,0.9443976539504534
2021-22,BKN,Isolation,0.9818764746319087
2021-22,BKN,Misc,0.5809198409719227
2021-22,BKN,OffRebound,1.0614941671731508
2021-22,BKN,OffScreen,1.0300825794819362
2021-22,BKN,PRBallHandler,0.871886396106403
2021-22,BKN,PRRollMan,1.0545146709967883
2021-22,BKN,Postup,0.9948265054263218
2021-22,BKN,Spotup,1.0450806927648277
2021-22,BKN,Transition,1.1676838062638866
2021-22,BOS,Cut,1.384770903503171
2021-22,BOS,Handoff,0.9253914501325885
2021-22,BOS,Isolation,0.9152737521292789
2021-22,BOS,Misc,0.5089675869178666
2021-22,BOS,OffRebound,1.152593754674329
2021-22,BOS,OffScreen,1.030341855173698
2021-22,BOS,PRBallHandler,0.8604895532977699
2021-22,BOS,PRRollMan,1.084745690276574
2021-22,BOS,Postup,0.9336936707077677
2021-22,BOS,Spotup,1.0632992572208342
2021-22,BOS,Transition,1.113920768141963
2021-22,CHA,Cut,1.3346758503194158
2021-22,CHA,Handoff,0.9169645944546276
2021-22,CHA,Isolation,0.9606835854225313
2021-22,CHA,Misc,0.6028787252021461
2021-22,CHA,OffRebound,1.0590287632912263
2021-22,CHA,OffScreen,1.0319236007336932
2021-22,CHA,PRBallHandler,0.8148398082768707
2021-22,CHA,PRRollMan,1.1748542096743622
2021-22,CHA,Postup,0.7621973195159071
2021-22,CHA,Spotup,1.0743685281909272
2021-22,CHA,Transition,1.1548505752351996
2021-22,CHI,Cut,1.3084888030466508
2021-22,CHI,Handoff,0.9260734236633922
2021-22,CHI,Isolation,1.040548748765297
2021-22,CHI,Misc,0.515416810655394
2021-22,CHI,OffRebound,1.096888357670339
2021-22,CHI,OffScreen,0.9827146750314224
2021-22,CHI,PRBallHandler,0.9501296792601931
2021-22,CHI,PRRollMan,0.9901261752292915
2021-22,CHI,Postup,0.9413024265654001
2021-22,CHI,Spotup,1.0288987098448783
2021-22,CHI,Transition,1.1746644884352428
2021-22,CLE,Cut,1.2902544230822037
2021-22,CLE,Handoff,0.8273686188284052
2021-22,CLE,Isolation,0.9444114281652198
2021-22,CLE,Misc,0.5376816182625579
2021-22,CLE,OffRebound,1.1605168140504394
2021-22,CLE,OffScreen,0.9445098061340397
2021-22,CLE,PRBallHandler,0.8471716857728248
2021-22,CLE,PRRollMan,1.1289904603959835
2021-22,CLE,Postup,0.9725632720838491
2021-22,CLE,Spotup,0.9683338113467305
2021-22,CLE,Transition,1.1627596448957789
2021-22,DAL,Cut,1.3518173449091624
2021-22,DAL,Handoff,0.9205325090368932
2021-22,DAL,Isolation,1.0185873781222876
2021-22,DAL,Misc,0.5877419740720418
2021-22,DAL,OffRebound,1.1175795115591354
2021-22,DAL,OffScreen,0.9436180946474675
2021-22,DAL,PRBallHandler,0.9618219268412727
2021-22,DAL,PRRollMan,1.2101466775383325
2021-22,DAL,Postup,0.9110443033732385
2021-22,DAL,Spotup,1.048193462616025
2021-22,DAL,Transition,1.1442889010072295
2021-22,DEN,Cut,1.3488289327848721
2021-22,DEN,Handoff,0.9201898078936193
2021-22,DEN,Isolation,0.8954286866267225
2021-22,DEN,Misc,0.48458062641681
2021-22,DEN,OffRebound,1.1903923918546788
2021-22,DEN,OffScreen,1.0167585271969504
2021-22,DEN,PRBallHandler,0.8042558534317552
2021-22,DEN,PRRollMan,1.064146358912621
2021-22,DEN,Postup,1.0713003476036613
2021-22,DEN,Spotup,1.0733224406763677
2021-22,DEN,Transition,1.1492354077791964
2021-22,DET,Cut,1.2204298565557454
2021-22,DET,Handoff,0.8431358808697221
2021-22,DET,Isolation,0.7969431249279427
2021-22,DET,Misc,0.5066666098185695
2021-22,DET,OffRebound,1.0339608140025385
2021-22,DET,OffScreen,0.8916841687211684
2021-22,DET,PRBallHandler,0.7650563834001646
2021-22,DET,PRRollMan,1.1182039635895604
2021-22,DET,Postup,0.9067858225690386
2021-22,DET,Spotup,0.973432782757438
2021-22,DET,Transition,1.1258862941135093
2021-22,GSW,Cut,1.3218774774162843
2021-22,GSW,Handoff,0.9313979003978086
2021-22,GSW,Isolation,0.9775747620395592
2021-22,GSW,Misc,0.5403203783041266
2021-22,GSW,OffRebound,1.1418699911508123
2021-22,GSW,OffScreen,0.9926578495976374
2021-22,GSW,PRBallHandler,0.9437295943147687
2021-22,GSW,PRRollMan,1.0103451719472296
2021-22,GSW,Postup,0.8282209395085267
2021-22,GSW,Spotup,1.0389232521955782
2021-22,GSW,Transition,1.1256286463378038
2021-22,HOU,Cut,1.2743741114075355
2021-22,HOU,Handoff,0.9333205088011556
2021-22,HOU,Isolation,0.9322409331503173
2021-22,HOU,Misc,0.5695976397297559
2021-22,HOU,OffRebound,1.1791085290698589
2021-22,HOU,OffScreen,0.9864597703820659
2021-22,HOU,PRBallHandler,0.8274882680574985
2021-22,HOU,PRRollMan,1.133440660254298
2021-22,HOU,Postup,0.9651208758058023
2021-22,HOU,Spotup,1.0294264725837918
2021-22,HOU,Transition,1.0471347467382948
2021-22,IND,Cut,1.250976709553478
2021-22,IND,Handoff,0.8432400781835054
2021-22,IND,Isolation,0.8670301792365329
2021-22,IND,Misc,0.5199930054777617
2021-22,IND,OffRebound,1.1752041442184789
2021-22,IND,OffScreen,0.9554541035072774
2021-22,IND,PRBallHandler,0.9017716177297916
2021-22,IND,PRRollMan,1.2088508274455387
2021-22,IND,Postup,0.9323487665379645
2021-22,IND,Spotup,0.9830846650398634
2021-22,IND,Transition,1.119176231431605
2021-22,LAC,Cut,1.3443384756655412
2021-22,LAC,Handoff,0.9049182282612318
2021-22,LAC,Isolation,0.8363650694278127
2021-22,LAC,Misc,0.48638383676297514
2021-22,LAC,OffRebound,1.0450655275804175
2021-22,LAC,OffScreen,1.0037285849053743
2021-22,LAC,PRBallHandler,0.8556858558981817
2021-22,LAC,PRRollMan,1.1472579422158804
2021-22,LAC,Postup,0.9728624357031247
2021-22,LAC,Spotup,1.0904874020218074
2021-22,LAC,Transition,1.0719448887839063
2021-22,LAL,Cut,1.2954976032075796
2021-22,LAL,Handoff,0.9378577493158858
2021-22,LAL,Isolation,0.9290698145159155
2021-22,LAL,Misc,0.5446755450128076
2021-22,LAL,OffRebound,1.175275973433155
2021-22,LAL,OffScreen,1.047351862976598
2021-22,LAL,PRBallHandler,0.854965463508434
2021-22,LAL,PRRollMan,1.1365999673923515
2021-22,LAL,Postup,0.9794859517078801
2021-22,LAL,Spotup,0.9582453999184166
2021-22,LAL,Transition,1.1317703965319392
2021-22,MEM,Cut,1.2654451150169446
2021-22,MEM,Handoff,0.9373769636466611
2021-22,MEM,Isolation,0.9064840954968916
2021-22,MEM,Misc,0.6014159494140456
2021-22,MEM,OffRebound,1.0920280234007362
2021-22,MEM,OffScreen,0.9190966104364048
2021-22,MEM,PRBallHandler,0.8518513785823396
2021-22,MEM,PRRollMan,1.1391509110570113
2021-22,MEM,Postup,0.9288137936220222
2021-22,MEM,Spotup,1.0248086358769788
2021-22,MEM,Transition,1.1110417694700654
2021-22,MIA,Cut,1.1763956359180912
2021-22,MIA,Handoff,0.9318903937549453
2021-22,MIA,Isolation,0.9457702310116219
2021-22,MIA,Misc,0.5435190631813518
2021-22,MIA,OffRebound,1.2188142596346947
2021-22,MIA,OffScreen,0.9494793819593511
2021-22,MIA,PRBallHandler,0.8759610864864016
2021-22,MIA,PRRollMan,1.1256180747260274
2021-22,MIA,Postup,0.964509369062695
2021-22,MIA,Spotup,1.0785148205279418
2021-22,MIA,Transition,1.1572819294075567
2021-22,MIL,Cut,1.242675606715569
2021-22,MIL,Handoff,0.8224772925897269
2021-22,MIL,Isolation,0.9209451466164554
2021-22,MIL,Misc,0.6328187696025018
2021-22,MIL,OffRebound,1.1460151869243425
2021-22,MIL,OffScreen,0.869804092632618
2021-22,MIL,PRBallHandler,0.8975060328330149
2021-22,MIL,PRRollMan,1.1775162412176303
2021-22,MIL,Postup,0.9400733799544161
2021-22,MIL,Spotup,1.0482615427090645
2021-22,MIL,Transition,1.1554275110458105
2021-22,MIN,Cut,1.2341168803248375
2021-22,MIN,Handoff,0.9631590324002793
2021-22,MIN,Isolation,0.9816503272746138
2021-22,MIN,Misc,0.6245576072017485
2021-22,MIN,OffRebound,1.0759779661148061
2021-22,MIN,OffScreen,0.9220679976369569
2021-22,MIN,PRBallHandler,0.906962088975498
2021-22,MIN,PRRollMan,1.195335399332297
2021-22,MIN,Postup,0.8456171623799728
2021-22,MIN,Spotup,1.0695214951208138
2021-22,MIN,Transition,1.1051338183562702
2021-22,NOP,Cut,1.2941332271499812
2021-22,NOP,Handoff,0.8560286874260029
2021-22,NOP,Isolation,0.8227330986814623
2021-22,NOP,Misc,0.5074022862434251
2021-22,NOP,OffRebound,1.0681925340713547
2021-22,NOP,OffScreen,1.0261454773391878
2021-22,NOP,PRBallHandler,0.8165213278617925
2021-22,NOP,PRRollMan,1.1482174502553124
2021-22,NOP,Postup,0.9345189343880217
2021-22,NOP,Spotup,0.9882975751879896
2021-22,NOP,Transition,1.1808684105885625
2021-22,NYK,Cut,1.272265090917903
2021-22,NYK,Handoff,1.08045714115724
2021-22,NYK,Isolation,0.8524004312075782
2021-22,NYK,Misc,0.5942567608252745
2021-22,NYK,OffRebound,1.1446884464373985
2021-22,NYK,OffScreen,0.7971660241007337
2021-22,NYK,PRBallHandler,0.8739520131371822
2021-22,NYK,PRRollMan,1.0975886785495317
2021-22,NYK,Postup,0.800859892488033
2021-22,NYK,Spotup,1.0166798641696095
2021-22,NYK,Transition,1.1318027513822264
2021-22,OKC,Cut,1.2622018486616424
2021-22,OKC,Handoff,0.8343558956446406
2021-22,OKC,Isolation,0.9518536875513384
2021-22,OKC,Misc,0.515812133642283
2021-22,OKC,OffRebound,1.0601342431880514
2021-22,OKC,OffScreen,0.8906846728010684
2021-22,OKC,PRBallHandler,0.8075718907798678
2021-22,OKC,PRRollMan,1.0913380482868125
2021-22,OKC,Postup,0.7005927464570794
2021-22,OKC,Spotup,0.9008350351855099
2021-22,OKC,Transition,1.1001069306947604
2021-22,ORL,Cut,1.3726135228225596
2021-22,ORL,Handoff,0.864773888170596
2021-22,ORL,Isolation,0.8743044850294682
2021-22,ORL,Misc,0.45086195977858157
2021-22,ORL,OffRebound,1.215311793587123
2021-22,ORL,OffScreen,1.0532399562164532
2021-22,ORL,PRBallHandler,0.7520607114051188
2021-22,ORL,PRRollMan,1.0302301804468326
2021-22,ORL,Postup,0.8445136224082983
2021-22,ORL,Spotup,0.951709980628726
2021-22,ORL,Transition,1.0961027279916762
2021-22,PHI,Cut,1.2626800106234422
2021-22,PHI,Handoff,1.0079586180832618
2021-22,PHI,Isolation,0.9304155243506138
2021-22,PHI,Misc,0.5407070945987658
2021-22,PHI,OffRebound,1.1056711218513886
2021-22,PHI,OffScreen,0.930848587615434
2021-22,PHI,PRBallHandler,0.9398600712423645
2021-22,PHI,PRRollMan,1.2018158930103722
2021-22,PHI,Postup,0.9858000016754976
2021-22,PHI,Spotup,1.0541886097983935
2021-22,PHI,Transition,1.181034535872942
2021-22,PHX,Cut,1.3588695960478252
2021-22,PHX,Handoff,0.8722575443535119
2021-22,PHX,Isolation,0.8679639579238024
2021-22,PHX,Misc,0.6009769435124328
2021-22,PHX,OffRebound,1.0870440153002345
2021-22,PHX,OffScreen,1.0207511266134268
2021-22,PHX,PRBallHandler,0.9253156153488673
2021-22,PHX,PRRollMan,1.2734011330405741
2021-22,PHX,Postup,0.9970324558263738
2021-22,PHX,Spotup,1.0663199344197498
2021-22,PHX,Transition,1.1505613819466571
2021-22,POR,Cut,1.1951683676094016
2021-22,POR,Handoff,0.9036073896502588
2021-22,POR,Isolation,0.8701459709929482
2021-22,POR,Misc,0.5084340459071383
2021-22,POR,OffRebound,1.136922166093946
2021-22,POR,OffScreen,0.8779048816972612
2021-22,POR,PRBallHandler,0.906936053068268
2021-22,POR,PRRollMan,1.1436853993015035
2021-22,POR,Postup,0.8634715589037418
2021-22,POR,Spotup,0.9923106187889246
2021-22,POR,Transition,1.0570351298065261
2021-22,SAC,Cut,1.2729034723911155
2021-22,SAC,Handoff,0.8857340710142452
2021-22,SAC,Isolation,0.9060588418071748
2021-22,SAC,Misc,0.5661767112958798
2021-22,SAC,OffRebound,1.1689665010623735
2021-22,SAC,OffScreen,1.031693809611434
2021-22,SAC,PRBallHandler,0.8774113460049652
2021-22,SAC,PRRollMan,1.128466777075153
2021-22,SAC,Postup,0.9125658247481314
2021-22,SAC,Spotup,1.0076109747511606
2021-22,SAC,Transition,1.1060250479101714
2021-22,SAS,Cut,1.2388948604637677
2021-22,SAS,Handoff,0.90906158885028
2021-22,SAS,Isolation,0.8515871604498211
2021-22,SAS,Misc,0.4340401469324089
2021-22,SAS,OffRebound,1.1216888944815802
2021-22,SAS,OffScreen,0.9434225456086082
2021-22,SAS,PRBallHandler,0.8836770671386716
2021-22,SAS,PRRollMan,1.1188695265555166
2021-22,SAS,Postup,0.9604958096559694
2021-22,SAS,Spotup,1.0315722592065295
2021-22,SAS,Transition,1.1494939510390645
2021-22,TOR,Cut,1.2121034706983984
2021-22,TOR,Handoff,0.9102353056558317
2021-22,TOR,Isolation,0.8671408127888496
2021-22,TOR,Misc,0.6459144015731201
2021-22,TOR,OffRebound,1.0487390654396815
2021-22,TOR,OffScreen,1.014393148885387
2021-22,TOR,PRBallHandler,0.8796256664082555
2021-22,TOR,PRRollMan,1.0938971795809724
2021-22,TOR,Postup,0.9072098584582008
2021-22,TOR,Spotup,0.984181507600183
2021-22,TOR,Transition,1.1053597427267003
2021-22,UTA,Cut,1.3442863263568061
2021-22,UTA,Handoff,0.9107720992395658
2021-22,UTA,Isolation,0.9124694697887331
2021-22,UTA,Misc,0.6671541297712836
2021-22,UTA,OffRebound,1.2011531856130295
2021-22,UTA,OffScreen,1.032217937068802
2021-22,UTA,PRBallHandler,1.003053428790585
2021-22,UTA,PRRollMan,1.2354861396168417
2021-22,UTA,Postup,1.0115447712873873
2021-22,UTA,Spotup,1.0415832684882087
2021-22,UTA,Transition,1.0799732428645745
2021-22,WAS,Cut,1.4142840472469036
2021-22,WAS,Handoff,0.8751951790310927
2021-22,WAS,Isolation,0.8774963775720821
2021-22,WAS,Misc,0.6164263651511668
2021-22,WAS,OffRebound,1.2088801724650793
2021-22,WAS,OffScreen,0.8994241019301044
2021-22,WAS,PRBallHandler,0.8660450887262041
2021-22,WAS,PRRollMan,1.2158596073137005
2021-22,WAS,Postup,1.033733787309509
2021-22,WAS,Spotup,1.0042469515469221
2021-22,WAS,Transition,1.1111416230610518
2022-23,ATL,Cut,1.3492448014980312
2022-23,ATL,Handoff,0.9570659499822631
2022-23,ATL,Isolation,0.9583145561216052
2022-23,ATL,Misc,0.6255964294376675
2022-23,ATL,OffRebound,1.1420544843309186
2022-23,ATL,OffScreen,0.9744326595279025
2022-23,ATL,PRBallHandler,0.9279028226572876
2022-23,ATL,PRRollMan,1.267152897585965
2022-23,ATL,Postup,1.0039741564278268
2022-23,ATL,Spotup,0.9880534895902298
2022-23,ATL,Transition,1.1489709974778437
2022-23,BKN,Cut,1.2533408682321416
2022-23,BKN,Handoff,1.0295937842599892
2022-23,BKN,Isolation,1.060705359282053
2022-23,BKN,Misc,0.6293717160823814
2022-23,BKN,OffRebound,1.20723791696049
2022-23,BKN,OffScreen,1.0630398737073088
2022-23,BKN,PRBallHandler,0.9367673263062885
2022-23,BKN,PRRollMan,1.1563537790480598
2022-23,BKN,Postup,0.9746832233292656
2022-23,BKN,Spotup,1.068512630401014
2022-23,BKN,Transition,1.1308467955877552
2022-23,BOS,Cut,1.34595093266919
2022-23,BOS,Handoff,1.0780738545696253
2022-23,BOS,Isolation,0.9367591796970188
2022-23,BOS,Misc,0.6135323340680514
2022-23,BOS,OffRebound,1.1704111001718271
2022-23,BOS,OffScreen,1.0014331675191426
2022-23,BOS,PRBallHandler,0.949671774870366
2022-23,BOS,PRRollMan,1.1323138233456145
2022-23,BOS,Postup,1.0291383458663428
2022-23,BOS,Spotup,1.12356462033992
2022-23,BOS,Transition,1.156296545525798
2022-23,CHA,Cut,1.303824349634982
2022-23,CHA,Handoff,1.0256576304680638
2022-23,CHA,Isolation,0.9228243136149407
2022-23,CHA,Misc,0.46222306233636934
2022-23,CHA,OffRebound,1.1751806955619575
2022-23,CHA,OffScreen,0.8379482917843727
2022-23,CHA,PRBallHandler,0.8229457187457244
2022-23,CHA,PRRollMan,1.1996707663953718
2022-23,CHA,Postup,0.960540127826814
2022-23,CHA,Spotup,0.9616454966142114
2022-23,CHA,Transition,1.1015242853891591
2022-23,CHI,Cut,1.3324650118512902
2022-23,CHI,Handoff,0.9167872482740862
2022-23,CHI,Isolation,1.0755180813401375
2022-23,CHI,Misc,0.4128160772058316
2022-23,CHI,OffRebound,1.0849758084964902
2022-23,CHI,OffScreen,0.8957733957307428
2022-23,CHI,PRBallHandler,0.9412212613528558
2022-23,CHI,PRRollMan,1.1038397162907359
2022-23,CHI,Postup,1.1116182067752305
2022-23,CHI,Spotup,1.0499629179038146
2022-23,CHI,Transition,1.1511566591739548
2022-23,CLE,Cut,1.3921202456690798
2022-23,CLE,Handoff,0.9517122729752293
2022-23,CLE,Isolation,0.9099350637773059
2022-23,CLE,Misc,0.5614049996056084
2022-23,CLE,OffRebound,1.1685900624539312
2022-23,CLE,OffScreen,0.9993931694779215
2022-23,CLE,PRBallHandler,0.9693788531223584
2022-23,CLE,PRRollMan,1.0318677876722393
2022-23,CLE,Postup,0.7843555665810653
2022-23,CLE,Spotup,1.0302688602028538
2022-23,CLE,Transition,1.1641969120688296
2022-23,DAL,Cut,1.3741717425828504
2022-23,DAL,Handoff,0.895677479502945
2022-23,DAL,Isolation,1.0306010904014693
2022-23,DAL,Misc,0.6016078072884743
2022-23,DAL,OffRebound,1.223908900555492
2022-23,DAL,OffScreen,1.1249075244849056
2022-23,DAL,PRBallHandler,1.0386159883371058
2022-23,DAL,PRRollMan,1.2959433249722876
2022-23,DAL,Postup,1.141908325577617
2022-23,DAL,Spotup,1.083765536333238
2022-23,DAL,Transition,1.1129418159062605
2022-23,DEN,Cut,1.3897287990355802
2022-23,DEN,Handoff,0.8856317378378279
2022-23,DEN,Isolation,0.9255691292549124
2022-23,DEN,Misc,0.49833521143879145
2022-23,DEN,OffRebound,1.1398831280132118
2022-23,DEN,OffScreen,0.9902954394182364
2022-23,DEN,PRBallHandler,0.9002546474342396
2022-23,DEN,PRRollMan,1.2672024558500001
2022-23,DEN,Postup,1.0905885048545219
2022-23,DEN,Spotup,1.0571202985526233
2022-23,DEN,Transition,1.2163856906226367
2022-23,DET,Cut,1.2637006352406088
2022-23,DET,Handoff,0.916268339987689
2022-23,DET,Isolation,0.8444468648931708
2022-23,DET,Misc,0.5442387837818101
2022-23,DET,OffRebound,1.1613557307007147
2022-23,DET,OffScreen,1.0654018097051035
2022-23,DET,PRBallHandler,0.8234633507178428
2022-23,DET,PRRollMan,1.1455732584818654
2022-23,DET,Postup,0.8347369867084244
2022-23,DET,Spotup,1.0069297628877492
2022-23,DET,Transition,1.157453108959063
2022-23,GSW,Cut,1.3454694917779233
2022-23,GSW,Handoff,0.9936102232762987
2022-23,GSW,Isolation,0.8320817155965865
2022-23,GSW,Misc,0.4656826592420926
2022-23,GSW,OffRebound,1.0564890058820593
2022-23,GSW,OffScreen,1.0110496394496207
2022-23,GSW,PRBallHandler,0.9468897474204179
2022-23,GSW,PRRollMan,1.1384604773937557
2022-23,GSW,Postup,0.8269763215592743
2022-23,GSW,Spotup,1.084838998842677
2022-23,GSW,Transition,1.105157230678861
2022-23,HOU,Cut,1.153651686857984
2022-23,HOU,Handoff,0.9203073839096269
2022-23,HOU,Isolation,0.96437044052685
2022-23,HOU,Misc,0.5040341229942933
2022-23,HOU,OffRebound,1.0950722330629283
2022-23,HOU,OffScreen,0.7910313426922935
2022-23,HOU,PRBallHandler,0.8515151532096902
2022-23,HOU,PRRollMan,1.1044287761029183
2022-23,HOU,Postup,0.9630912250599776
2022-23,HOU,Spotup,0.9853469079612246
2022-23,HOU,Transition,1.0685608324926796
2022-23,IND,Cut,1.3202052577503152
2022-23,IND,Handoff,1.0038868147663569
2022-23,IND,Isolation,0.8815267542050511
2022-23,IND,Misc,0.6022056149480546
2022-23,IND,OffRebound,1.1007085143733506
2022-23,IND,OffScreen,0.8902381674482456
2022-23,IND,PRBallHandler,0.9158965411884687
2022-23,IND,PRRollMan,1.1017597678925686
2022-23,IND,Postup,1.0490344643137806
2022-23,IND,Spotup,1.0213100858417399
2022-23,IND,Transition,1.1807158600093195
2022-23,LAC,Cut,1.3076034955922284
2022-23,LAC,Handoff,0.9078524424939669
2022-23,LAC,Isolation,0.8970176532477223
2022-23,LAC,Misc,0.5123865113971758
2022-23,LAC,OffRebound,0.9967032303422695
2022-23,LAC,OffScreen,0.9776222061761619
2022-23,LAC,PRBallHandler,0.9466100030674692
2022-23,LAC,PRRollMan,1.1631227956870769
2022-23,LAC,Postup,1.0246857024486258
2022-23,LAC,Spotup,1.1161101072944781
2022-23,LAC,Transition,1.135430645481901
2022-23,LAL,Cut,1.3295059324738052
2022-23,LAL,Handoff,0.9708047615540775
2022-23,LAL,Isolation,0.870831428016034
2022-23,LAL,Misc,0.6775755433684169
2022-23,LAL,OffRebound,1.189751394522899
2022-23,LAL,OffScreen,0.9385456287848281
2022-23,LAL,PRBallHandler,0.8762010165932487
2022-23,LAL,PRRollMan,1.2386129434374906
2022-23,LAL,Postup,0.9865451535422523
2022-23,LAL,Spotup,1.0494073024278545
2022-23,LAL,Transition,1.1265459677005123
2022-23,MEM,Cut,1.3326914970099077
2022-23,MEM,Handoff,0.9423551075004547
2022-23,MEM,Isolation,0.8530428669611974
2022-23,MEM,Misc,0.5953220742869122
2022-23,MEM,OffRebound,1.1247077084839412
2022-23,MEM,OffScreen,0.9755908716297023
2022-23,MEM,PRBallHandler,0.8871540524964079
2022-23,MEM,PRRollMan,1.2706146991650722
2022-23,MEM,Postup,0.9765900137217248
2022-23,MEM,Spotup,0.984748619130535
2022-23,MEM,Transition,1.1416961707962567
2022-23,MIA,Cut,1.2122292899642413
2022-23,MIA,Handoff,0.8863985183511796
2022-23,MIA,Isolation,0.9303352775441118
2022-23,MIA,Misc,0.5584365647449391
2022-23,MIA,OffRebound,1.1020671746031971
2022-23,MIA,OffScreen,0.897929045924585
2022-23,MIA,PRBallHandler,0.927757273701898
2022-23,MIA,PRRollMan,1.0811429988303753
2022-23,MIA,Postup,0.9456134301635225
2022-23,MIA,Spotup,1.0780195146194835
2022-23,MIA,Transition,1.149154220163071
2022-23,MIL,Cut,1.2996771760820547
2022-23,MIL,Handoff,0.9150583756516144
2022-23,MIL,Isolation,0.8313258048907417
2022-23,MIL,Misc,0.5651991609816638
2022-23,MIL,OffRebound,1.1882111954653953
2022-23,MIL,OffScreen,0.8697992408311468
2022-23,MIL,PRBallHandler,0.9376463718667299
2022-23,MIL,PRRollMan,1.207021700467515
2022-23,MIL,Postup,0.9896389681965414
2022-23,MIL,Spotup,1.0698978003102995
2022-23,MIL,Transition,1.1290908260554788
2022-23,MIN,Cut,1.356664969102833
2022-23,MIN,Handoff,0.9551594980855083
2022-23,MIN,Isolation,0.9033384340485039
2022-23,MIN,Misc,0.5640557043496288
2022-23,MIN,OffRebound,1.1619377457705387
2022-23,MIN,OffScreen,0.923449104806229
2022-23,MIN,PRBallHandler,0.9457049988702122
2022-23,MIN,PRRollMan,1.1980281970128834
2022-23,MIN,Postup,0.9212564506026794
2022-23,MIN,Spotup,1.0505472780441174
2022-23,MIN,Transition,1.1424319475131424
2022-23,NOP,Cut,1.2735078519382559
2022-23,NOP,Handoff,0.9158474628385312
2022-23,NOP,Isolation,0.8798816370595717
2022-23,NOP,Misc,0.4561463227103466
2022-23,NOP,OffRebound,1.1724837008363556
2022-23,NOP,OffScreen,0.9356542808038932
2022-23,NOP,PRBallHandler,0.9019252763380291
2022-23,NOP,PRRollMan,1.148490962547416
2022-23,NOP,Postup,0.9715280507010265
2022-23,NOP,Spotup,1.0593818289393426
2022-23,NOP,Transition,1.1289095683064136
2022-23,NYK,Cut,1.3329117418539143
2022-23,NYK,Handoff,1.0142107554802382
2022-23,NYK,Isolation,0.9976119600420957
2022-23,NYK,Misc,0.6269623118259768
2022-23,NYK,OffRebound,1.1164125670555038
2022-23,NYK,OffScreen,0.8885439688186814
2022-23,NYK,PRBallHandler,0.9466152647306798
2022-23,NYK,PRRollMan,1.2414006198293226
2022-23,NYK,Postup,0.8657418115367495
2022-23,NYK,Spotup,1.0240866644851196
2022-23,NYK,Transition,1.1420153353504001
2022-23,OKC,Cut,1.2745944059280676
2022-23,OKC,Handoff,1.0310097863640397
2022-23,OKC,Isolation,0.9742635351101439
2022-23,OKC,Misc,0.5822723474813417
2022-23,OKC,OffRebound,0.997677535877547
2022-23,OKC,OffScreen,1.0940714128209077
2022-23,OKC,PRBallHandler,0.9112111008371124
2022-23,OKC,PRRollMan,1.08493645077329
2022-23,OKC,Postup,1.0103644662573097
2022-23,OKC,Spotup,1.0013854770082293
2022-23,OKC,Transition,1.1443435969130364
2022-23,ORL,Cut,1.3487466062735938
2022-23,ORL,Handoff,0.8248201453833117
2022-23,ORL,Isolation,0.8234274011424794
2022-23,ORL,Misc,0.5927681229582633
2022-23,ORL,OffRebound,1.2259643214066753
2022-23,ORL,OffScreen,1.0263355654753386
2022-23,ORL,PRBallHandler,0.9124993113808884
2022-23,ORL,PRRollMan,1.1164826754552055
2022-23,ORL,Postup,0.9706590303725198
2022-23,ORL,Spotup,1.0023017679556794
2022-23,ORL,Transition,1.1186596277682281
2022-23,PHI,Cut,1.2539991050892194
2022-23,PHI,Handoff,1.001207833422965
2022-23,PHI,Isolation,0.9956005919163902
2022-23,PHI,Misc,0.550168119110407
2022-23,PHI,OffRebound,1.1058897228298692
2022-23,PHI,OffScreen,0.7301752728543661
2022-23,PHI,PRBallHandler,0.9015467923489338
2022-23,PHI,PRRollMan,1.1917950613814612
2022-23,PHI,Postup,1.094642743708211
2022-23,PHI,Spotup,1.1215154218896723
2022-23,PHI,Transition,1.181923451817902
2022-23,PHX,Cut,1.2198354995287715
2022-23,PHX,Handoff,0.8280215819485708
2022-23,PHX,Isolation,0.9193990170183876
2022-23,PHX,Misc,0.5162299433887115
2022-23,PHX,OffRebound,1.0749120996811083
2022-23,PHX,OffScreen,1.0590943147841028
2022-23,PHX,PRBallHandler,0.9062299482470915
2022-23,PHX,PRRollMan,1.147939211785204
2022-23,PHX,Postup,0.9842115143091352
2022-23,PHX,Spotup,1.0690000041359597
2022-23,PHX,Transition,1.1471685149431905
2022-23,POR,Cut,1.248581884566799
2022-23,POR,Handoff,1.0750184482730292
2022-23,POR,Isolation,0.9857968765175625
2022-23,POR,Misc,0.5401412387266465
2022-23,POR,OffRebound,1.1396176771482143
2022-23,POR,OffScreen,1.0381353365160393
2022-23,POR,PRBallHandler,0.9916170201208299
2022-23,POR,PRRollMan,1.1421144026951904
2022-23,POR,Postup,0.9551328524833116
2022-23,POR,Spotup,1.0305942251931126
2022-23,POR,Transition,1.1488570802587978
2022-23,SAC,Cut,1.3160448212907045
2022-23,SAC,Handoff,1.0685264363589664
2022-23,SAC,Isolation,1.018282847159579
2022-23,SAC,Misc,0.6426397384669229
2022-23,SAC,OffRebound,1.124385816957732
2022-23,SAC,OffScreen,0.9363884674366543
2022-23,SAC,PRBallHandler,0.9682743878314868
2022-23,SAC,PRRollMan,1.2332906559735919
2022-23,SAC,Postup,0.9872062486462251
2022-23,SAC,Spotup,1.0864726639858933
2022-23,SAC,Transition,1.0870602377428467
2022-23,SAS,Cut,1.254274823171569
2022-23,SAS,Handoff,0.9182227352202733
2022-23,SAS,Isolation,0.7224709465517491
2022-23,SAS,Misc,0.40963068319738605
2022-23,SAS,OffRebound,1.2192304264739269
2022-23,SAS,OffScreen,0.9678524792708525
2022-23,SAS,PRBallHandler,0.8669038768048825
2022-23,SAS,PRRollMan,1.0664726401102729
2022-23,SAS,Postup,0.9662343745769543
2022-23,SAS,Spotup,1.0033375266627411
2022-23,SAS,Transition,1.0791828582576808
2022-23,TOR,Cut,1.2558489821506627
2022-23,TOR,Handoff,0.9836911745184944
2022-23,TOR,Isolation,0.8493215123667743
2022-23,TOR,Misc,0.5788779832985814
2022-23,TOR,OffRebound,1.1403011337382691
2022-23,TOR,OffScreen,0.8831017282197812
2022-23,TOR,PRBallHandler,0.8745996760640374
2022-23,TOR,PRRollMan,1.0354546917894734
2022-23,TOR,Postup,0.9447270281368951
2022-23,TOR,Spotup,0.9978100088510911
2022-23,TOR,Transition,1.1430524840480711
2022-23,UTA,Cut,1.2634240232317757
2022-23,UTA,Handoff,1.0314726744491656
2022-23,UTA,Isolation,1.0479320523896463
2022-23,UTA,Misc,0.5180167834269817
2022-23,UTA,OffRebound,1.1382430426807204
2022-23,UTA,OffScreen,0.9956336457814525
2022-23,UTA,PRBallHandler,0.8897441786819125
2022-23,UTA,PRRollMan,1.215693334434402
2022-23,UTA,Postup,0.8358163597871893
2022-23,UTA,Spotup,1.0420204082204374
2022-23,UTA,Transition,1.0898794059676595
2022-23,WAS,Cut,1.3538275447885
2022-23,WAS,Handoff,0.9867002356055131
2022-23,WAS,Isolation,0.9382813722709769
2022-23,WAS,Misc,0.6023751125857724
2022-23,WAS,OffRebound,1.2335803767446283
2022-23,WAS,OffScreen,0.9326938817889713
2022-23,WAS,PRBallHandler,0.8868423466863005
2022-23,WAS,PRRollMan,1.1786100447234247
2022-23,WAS,Postup,1.041343622259989
2022-23,WAS,Spotup,1.0214067087118601
2022-23,WAS,Transition,1.1481327278063715
2023-24,ATL,Cut,1.2916030910166523
2023-24,ATL,Handoff,0.8859055825305013
2023-24,ATL,Isolation,0.9790608326129143
2023-24,ATL,Misc,0.5669911822944435
2023-24,ATL,OffRebound,1.048362584316102
2023-24,ATL,OffScreen,1.0240656533980614
2023-24,ATL,PRBallHandler,0.9381259869472249
2023-24,ATL,PRRollMan,1.2616856938787353
2023-24,ATL,Postup,0.9196588071508943
2023-24,ATL,Spotup,1.0568692249384766
2023-24,ATL,Transition,1.0838656518118
2023-24,BKN,Cut,1.2116305082586094
2023-24,BKN,Handoff,0.9808647487814105
2023-24,BKN,Isolation,0.8848185057333404
2023-24,BKN,Misc,0.5448704439585891
2023-24,BKN,OffRebound,1.1423620335867726
2023-24,BKN,OffScreen,0.9341681090059206
2023-24,BKN,PRBallHandler,0.8599848983386843
2023-24,BKN,PRRollMan,1.1592908118165142
2023-24,BKN,Postup,1.111515815950698
2023-24,BKN,Spotup,1.0640215915229545
2023-24,BKN,Transition,1.1056775798676948
2023-24,BOS,Cut,1.3784770145478538
2023-24,BOS,Handoff,0.8572518397493805
2023-24,BOS,Isolation,0.9899761209604434
2023-24,BOS,Misc,0.5973054739257904
2023-24,BOS,OffRebound,1.085779744468072
2023-24,BOS,OffScreen,1.192918422220058
2023-24,BOS,PRBallHandler,0.9231636654109092
2023-24,BOS,PRRollMan,1.23246959697402
2023-24,BOS,Postup,1.0991957411680047
2023-24,BOS,Spotup,1.148999312997331
2023-24,BOS,Transition,1.1842645948865385
2023-24,CHA,Cut,1.321838847532842
2023-24,CHA,Handoff,0.9759447413854758
2023-24,CHA,Isolation,0.8562539979281544
2023-24,CHA,Misc,0.4255463783650345
2023-24,CHA,OffRebound,1.1742382426723095
2023-24,CHA,OffScreen,1.082446931364613
2023-24,CHA,PRBallHandler,0.8775136319767634
2023-24,CHA,PRRollMan,1.150040774083747
2023-24,CHA,Postup,0.9561794703942654
2023-24,CHA,Spotup,0.9659956498878957
2023-24,CHA,Transition,1.1195110785406241
2023-24,CHI,Cut,1.3013255455896942
2023-24,CHI,Handoff,0.9601754090715082
2023-24,CHI,Isolation,0.9668982474825689
2023-24,CHI,Misc,0.5921230271778494
2023-24,CHI,OffRebound,1.0258246638920192
2023-24,CHI,OffScreen,0.9481396459510549
2023-24,CHI,PRBallHandler,0.9653166589847378
2023-24,CHI,PRRollMan,1.112289744313256
2023-24,CHI,Postup,0.9906230290641239
2023-24,CHI,Spotup,0.9886363504565504
2023-24,CHI,Transition,1.1644670998763185
2023-24,CLE,Cut,1.350271476260946
2023-24,CLE,Handoff,0.9343302705193576
2023-24,CLE,Isolation,0.866855211609864
2023-24,CLE,Misc,0.5105017298986165
2023-24,CLE,OffRebound,1.2189758646326116
2023-24,CLE,OffScreen,0.9010486351447152
2023-24,CLE,PRBallHandler,0.8988585381946478
2023-24,CLE,PRRollMan,1.1683252336962635
2023-24,CLE,Postup,0.8351272791077995
2023-24,CLE,Spotup,1.0310431211237034
2023-24,CLE,Transition,1.1828598723041106
2023-24,DAL,Cut,1.3832504273757134
2023-24,DAL,Handoff,0.9919719129881593
2023-24,DAL,Isolation,1.0302685254433717
2023-24,DAL,Misc,0.6214778088013482
2023-24,DAL,OffRebound,1.1378610064838997
2023-24,DAL,OffScreen,0.8761571470540013
2023-24,DAL,PRBallHandler,0.9980172260379785
2023-24,DAL,PRRollMan,1.1561923434774992
2023-24,DAL,Postup,1.009057276133308
2023-24,DAL,Spotup,1.0839561479380004
2023-24,DAL,Transition,1.1406837672806165
2023-24,DEN,Cut,1.3308722453848252
2023-24,DEN,Handoff,0.9753664931399224
2023-24,DEN,Isolation,0.8697762439765437
2023-24,DEN,Misc,0.527945801129954
2023-24,DEN,OffRebound,1.1454633437134456
2023-24,DEN,OffScreen,1.1016210191274924
2023-24,DEN,PRBallHandler,0.8852173099098237
2023-24,DEN,PRRollMan,1.2497068221984096
2023-24,DEN,Postup,1.083195616103035
2023-24,DEN,Spotup,1.0722267092338877
2023-24,DEN,Transition,1.0848899097363498
2023-24,DET,Cut,1.2763870119536884
2023-24,DET,Handoff,0.9721798887717777
2023-24,DET,Isolation,0.8928860601483715
2023-24,DET,Misc,0.3974715298867504
2023-24,DET,OffRebound,1.1039315975696713
2023-24,DET,OffScreen,0.9847429461402954
2023-24,DET,PRBallHandler,0.8729096454072668
2023-24,DET,PRRollMan,1.1840805898132847
2023-24,DET,Postup,0.9347246532262423
2023-24,DET,Spotup,0.9582727948960769
2023-24,DET,Transition,1.1285081389966563
2023-24,GSW,Cut,1.3123907361943212
2023-24,GSW,Handoff,1.0092362900309222
2023-24,GSW,Isolation,1.0243710471171248
2023-24,GSW,Misc,0.5816820507996842
2023-24,GSW,OffRebound,1.0508359109650827
2023-24,GSW,OffScreen,1.1130475852886348
2023-24,GSW,PRBallHandler,0.9105694503564581
2023-24,GSW,PRRollMan,1.0667630275324067
2023-24,GSW,Postup,0.9243670528418454
2023-24,GSW,Spotup,1.04588901935192
2023-24,GSW,Transition,1.143435070695232
2023-24,HOU,Cut,1.2023806789850051
2023-24,HOU,Handoff,1.018525219098608
2023-24,HOU,Isolation,0.8030682001466551
2023-24,HOU,Misc,0.5157467215081168
2023-24,HOU,OffRebound,1.1443897257229634
2023-24,HOU,OffScreen,0.9613468842577385
2023-24,HOU,PRBallHandler,0.9468231721662336
2023-24,HOU,PRRollMan,1.147622492402484
2023-24,HOU,Postup,0.9910044839504781
2023-24,HOU,Spotup,1.0226490451973098
2023-24,HOU,Transition,1.1133498466524687
2023-24,IND,Cut,1.4395177552708303
2023-24,IND,Handoff,0.9483013305752555
2023-24,IND,Isolation,0.9837261170181085
2023-24,IND,Misc,0.5516924954657036
2023-24,IND,OffRebound,1.1970691522891237
2023-24,IND,OffScreen,0.9767642706862849
2023-24,IND,PRBallHandler,0.9696760519487774
2023-24,IND,PRRollMan,1.2773023960950858
2023-24,IND,Postup,1.1330301355797843
2023-24,IND,Spotup,1.037116867154415
2023-24,IND,Transition,1.194877730499422
2023-24,LAC,Cut,1.3319981761102468
2023-24,LAC,Handoff,0.9274511715686617
2023-24,LAC,Isolation,1.0311328144914118
2023-24,LAC,Misc,0.45104708441624664
2023-24,LAC,OffRebound,1.1197492382033434
2023-24,LAC,OffScreen,1.0634894350574684
2023-24,LAC,PRBallHandler,0.937114222026298
2023-24,LAC,PRRollMan,1.1708121376902605
2023-24,LAC,Postup,1.0531839528481504
2023-24,LAC,Spotup,1.1314057153133683
2023-24,LAC,Transition,1.1393460225873606
2023-24,LAL,Cut,1.4157205235393904
2023-24,LAL,Handoff,0.9354444142037686
2023-24,LAL,Isolation,0.9327668247542285
2023-24,LAL,Misc,0.6496725419274338
2023-24,LAL,OffRebound,1.1319415268042587
2023-24,LAL,OffScreen,1.1222603599265777
2023-24,LAL,PRBallHandler,0.938469132122917
2023-24,LAL,PRRollMan,1.1961804913001894
2023-24,LAL,Postup,1.0255391133474374
2023-24,LAL,Spotup,1.0584405407921273
2023-24,LAL,Transition,1.231036857020158
2023-24,MEM,Cut,1.2395767108554918
2023-24,MEM,Handoff,0.8251314559747275
2023-24,MEM,Isolation,0.894764658305484
2023-24,MEM,Misc,0.4933927580945561
2023-24,MEM,OffRebound,1.0347438965978335
2023-24,MEM,OffScreen,0.9891807662621221
2023-24,MEM,PRBallHandler,0.8101418967000993
2023-24,MEM,PRRollMan,0.9999198595624572
2023-24,MEM,Postup,0.9857996440544051
2023-24,MEM,Spotup,0.9954859880210019
2023-24,MEM,Transition,1.0977695243130174
2023-24,MIA,Cut,1.2782156129341362
2023-24,MIA,Handoff,0.9480491380919884
2023-24,MIA,Isolation,0.9921635653909637
2023-24,MIA,Misc,0.5473246752209959
2023-24,MIA,OffRebound,1.1197653780029806
2023-24,MIA,OffScreen,1.139153536629603
2023-24,MIA,PRBallHandler,0.8664905622769488
2023-24,MIA,PRRollMan,1.0580559637501419
2023-24,MIA,Postup,0.9968100049898041
2023-24,MIA,Spotup,1.0656851880718476
2023-24,MIA,Transition,1.1300193234665323
2023-24,MIL,Cut,1.3854603135317491
2023-24,MIL,Handoff,1.0333493906147293
2023-24,MIL,Isolation,0.9685831375190143
2023-24,MIL,Misc,0.5462490903538562
2023-24,MIL,OffRebound,1.1675878435967186
2023-24,MIL,OffScreen,0.8873913093275827
2023-24,MIL,PRBallHandler,0.9931541663876271
2023-24,MIL,PRRollMan,1.162964435529087
2023-24,MIL,Postup,0.9819577772804948
2023-24,MIL,Spotup,1.0632953642361438
2023-24,MIL,Transition,1.180992891107286
2023-24,MIN,Cut,1.2763403913602023
2023-24,MIN,Handoff,0.9663106146576133
2023-24,MIN,Isolation,0.9304581363346678
2023-24,MIN,Misc,0.6011413695442825
2023-24,MIN,OffRebound,1.2170530823138395
2023-24,MIN,OffScreen,1.012068757001895
2023-24,MIN,PRBallHandler,0.8872140411050191
2023-24,MIN,PRRollMan,1.3026625487944938
2023-24,MIN,Postup,1.0235087719142295
2023-24,MIN,Spotup,1.0107744156207388
2023-24,MIN,Transition,1.1768628334163664
2023-24,NOP,Cut,1.3550121916848197
2023-24,NOP,Handoff,0.9067307377225561
2023-24,NOP,Isolation,1.0015311096516992
2023-24,NOP,Misc,0.49510653724693815
2023-24,NOP,OffRebound,1.169897845961181
2023-24,NOP,OffScreen,1.0828719584810054
2023-24,NOP,PRBallHandler,0.9398413740718339
2023-24,NOP,PRRollMan,1.160550858729887
2023-24,NOP,Postup,1.021100698124605
2023-24,NOP,Spotup,1.124635050175041
2023-24,NOP,Transition,1.1131840018216692
2023-24,NYK,Cut,1.282639864255326
2023-24,NYK,Handoff,0.930799454055533
2023-24,NYK,Isolation,0.8796935351030127
2023-24,NYK,Misc,0.45809779068222234
2023-24,NYK,OffRebound,1.1229873277263092
2023-24,NYK,OffScreen,1.0897405967444547
2023-24,NYK,PRBallHandler,0.9625642787359094
2023-24,NYK,PRRollMan,1.047197442905186
2023-24,NYK,Postup,0.9400098310050837
2023-24,NYK,Spotup,1.0531960596613887
2023-24,NYK,Transition,1.1806357826106595
2023-24,OKC,Cut,1.3421253549952992
2023-24,OKC,Handoff,0.9820733894063862
2023-24,OKC,Isolation,1.0309273095174312
2023-24,OKC,Misc,0.6275284480683206
2023-24,OKC,OffRebound,1.1344431933735062
2023-24,OKC,OffScreen,1.033210741649914
2023-24,OKC,PRBallHandler,0.990444589581355
2023-24,OKC,PRRollMan,1.2002651528494837
2023-24,OKC,Postup,1.0764564427115673
2023-24,OKC,Spotup,1.0858004629052649
2023-24,OKC,Transition,1.1486511249413516
2023-24,ORL,Cut,1.3582934267852378
2023-24,ORL,Handoff,0.9446136691187458
2023-24,ORL,Isolation,0.9291380728633967
2023-24,ORL,Misc,0.618430858605505
2023-24,ORL,OffRebound,1.1375696510873177
2023-24,ORL,OffScreen,0.9062675762330888
2023-24,ORL,PRBallHandler,0.845051249581503
2023-24,ORL,PRRollMan,1.130321937112793
2023-24,ORL,Postup,0.9013511764891237
2023-24,ORL,Spotup,1.0340309041181257
2023-24,ORL,Transition,1.0961460383730146
2023-24,PHI,Cut,1.2571042856412662
2023-24,PHI,Handoff,0.9124523202053236
2023-24,PHI,Isolation,0.944296117028306
2023-24,PHI,Misc,0.5328153255262947
2023-24,PHI,OffRebound,1.1292749371733035
2023-24,PHI,OffScreen,0.9746820938172953
2023-24,PHI,PRBallHandler,0.93505932244474
2023-24,PHI,PRRollMan,1.0987542340466145
2023-24,PHI,Postup,1.0452600059127288
2023-24,PHI,Spotup,1.0233799873415037
2023-24,PHI,Transition,1.1595564086948602
2023-24,PHX,Cut,1.361505546922553
2023-24,PHX,Handoff,0.9342361019458105
2023-24,PHX,Isolation,0.9307165742159632
2023-24,PHX,Misc,0.416377192899655
2023-24,PHX,OffRebound,1.0079695713800199
2023-24,PHX,OffScreen,1.0196610082737414
2023-24,PHX,PRBallHandler,1.0142252492071206
2023-24,PHX,PRRollMan,1.1423055301394398
2023-24,PHX,Postup,0.9337651340391215
2023-24,PHX,Spotup,1.0944580747825807
2023-24,PHX,Transition,1.2480363099677012
2023-24,POR,Cut,1.2233329892152152
2023-24,POR,Handoff,0.8636101114971835
2023-24,POR,Isolation,0.7854143338942235
2023-24,POR,Misc,0.5400681943625039
2023-24,POR,OffRebound,1.1694692272971368
2023-24,POR,OffScreen,0.9806879606931628
2023-24,POR,PRBallHandler,0.8215793704497912
2023-24,POR,PRRollMan,1.0090273343127454
2023-24,POR,Postup,0.9295601913449885
2023-24,POR,Spotup,0.9782055639590008
2023-24,POR,Transition,1.0217474923939025
2023-24,SAC,Cut,1.2878029301367127
2023-24,SAC,Handoff,0.9934094700681622
2023-24,SAC,Isolation,0.9096985321563474
2023-24,SAC,Misc,0.5560285552196002
2023-24,SAC,OffRebound,1.2096723818517394
2023-24,SAC,OffScreen,0.8462891870121941
2023-24,SAC,PRBallHandler,0.9292499866597294
2023-24,SAC,PRRollMan,1.21251808081416
2023-24,SAC,Postup,0.9300690449842648
2023-24,SAC,Spotup,1.04915473365579
2023-24,SAC,Transition,1.1877035934153004
2023-24,SAS,Cut,1.2984012323421572
2023-24,SAS,Handoff,0.8778512781925534
2023-24,SAS,Isolation,0.928051166706332
2023-24,SAS,Misc,0.3747707825415012
2023-24,SAS,OffRebound,1.065458840729532
2023-24,SAS,OffScreen,1.0655789578954875
2023-24,SAS,PRBallHandler,0.8378990683053477
2023-24,SAS,PRRollMan,1.11588652739898
2023-24,SAS,Postup,0.8860746384322721
2023-24,SAS,Spotup,1.0039367548240992
2023-24,SAS,Transition,1.1262255437471138
2023-24,TOR,Cut,1.368175724108834
2023-24,TOR,Handoff,0.8675587070351466
2023-24,TOR,Isolation,0.8439184105773185
2023-24,TOR,Misc,0.5027958901725467
2023-24,TOR,OffRebound,1.137735210212534
2023-24,TOR,OffScreen,0.9930052101339616
2023-24,TOR,PRBallHandler,0.8045188528375228
2023-24,TOR,PRRollMan,1.1032973774407158
2023-24,TOR,Postup,0.9813507835182853
2023-24,TOR,Spotup,0.9952584955087794
2023-24,TOR,Transition,1.1422537881520756
2023-24,UTA,Cut,1.2528941483967628
2023-24,UTA,Handoff,0.9154286594071774
2023-24,UTA,Isolation,0.8780833967067774
2023-24,UTA,Misc,0.4816991852303133
2023-24,UTA,OffRebound,1.1800648907645348
2023-24,UTA,OffScreen,0.9976599964706893
2023-24,UTA,PRBallHandler,0.8366629960669243
2023-24,UTA,PRRollMan,1.333689254211908
2023-24,UTA,Postup,0.9625180058631126
2023-24,UTA,Spotup,1.0339353279553483
2023-24,UTA,Transition,1.1278164100957295
2023-24,WAS,Cut,1.2674242354146985
2023-24,WAS,Handoff,0.8526500420772465
2023-24,WAS,Isolation,0.879552157363372
2023-24,WAS,Misc,0.5258007979116076
2023-24,WAS,OffRebound,1.1484593323425691
2023-24,WAS,OffScreen,1.0490385493706376
2023-24,WAS,PRBallHandler,0.8355360759779514
2023-24,WAS,PRRollMan,1.1571737584892072
2023-24,WAS,Postup,1.0142028361707183
2023-24,WAS,Spotup,1.0304151151159902
2023-24,WAS,Transition,1.1676201069765169
2024-25,ATL,Cut,1.26653591258155
2024-25,ATL,Handoff,0.9185640865881746
2024-25,ATL,Isolation,0.7838837064661133
2024-25,ATL,Misc,0.5876097833565084
2024-25,ATL,OffRebound,1.0379057807120828
2024-25,ATL,OffScreen,0.8770197353407635
2024-25,ATL,PRBallHandler,0.9144269706380763
2024-25,ATL,PRRollMan,1.1263683113590828
2024-25,ATL,Postup,0.9906277288427651
2024-25,ATL,Spotup,1.0265645782088282
2024-25,ATL,Transition,1.1040822810952613
2024-25,BKN,Cut,1.221557770805631
2024-25,BKN,Handoff,0.8960387546946186
2024-25,BKN,Isolation,0.8842172507723809
2024-25,BKN,Misc,0.4821245320170555
2024-25,BKN,OffRebound,1.077093460472535
2024-25,BKN,OffScreen,1.0183801454899404
2024-25,BKN,PRBallHandler,0.8346393984178008
2024-25,BKN,PRRollMan,0.9504924260356074
2024-25,BKN,Postup,0.8868169782221015
2024-25,BKN,Spotup,1.0397369191831527
2024-25,BKN,Transition,1.0871712708869614
2024-25,BOS,Cut,1.3771561449029943
2024-25,BOS,Handoff,1.044350430129242
2024-25,BOS,Isolation,0.9484465063753015
2024-25,BOS,Misc,0.5606013721297364
2024-25,BOS,OffRebound,1.0444304164360856
2024-25,BOS,OffScreen,1.100198183189755
2024-25,BOS,PRBallHandler,0.975180583233594
2024-25,BOS,PRRollMan,1.0901840745638174
2024-25,BOS,Postup,1.0038523286462766
2024-25,BOS,Spotup,1.152289416101623
2024-25,BOS,Transition,1.1448533561982923
2024-25,CHA,Cut,1.2212948799526642
2024-25,CHA,Handoff,0.8170606666058611
2024-25,CHA,Isolation,0.9260252250931915
2024-25,CHA,Misc,0.38538735109714195
2024-25,CHA,OffRebound,1.103758658466184
2024-25,CHA,OffScreen,0.882661191439274
2024-25,CHA,PRBallHandler,0.8100299857779103
2024-25,CHA,PRRollMan,1.056271986230505
2024-25,CHA,Postup,0.9881982992706434
2024-25,CHA,Spotup,1.0163093500209854
2024-25,CHA,Transition,1.0444981407811549
2024-25,CHI,Cut,1.3764617099954135
2024-25,CHI,Handoff,0.9199031605559428
2024-25,CHI,Isolation,0.9809172037906857
2024-25,CHI,Misc,0.5247423682384698
2024-25,CHI,OffRebound,1.1101218758641567
2024-25,CHI,OffScreen,0.9028913944505458
2024-25,CHI,PRBallHandler,0.9028704974918504
2024-25,CHI,PRRollMan,1.1482613383270244
2024-25,CHI,Postup,0.9509513779006502
2024-25,CHI,Spotup,1.005476174301292
2024-25,CHI,Transition,1.1505353141122883
2024-25,CLE,Cut,1.4281167096401974
2024-25,CLE,Handoff,0.9826292277270017
2024-25,CLE,Isolation,0.9367027140284109
2024-25,CLE,Misc,0.6729379930666908
2024-25,CLE,OffRebound,1.1397716673533125
2024-25,CLE,OffScreen,0.9972707571938337
2024-25,CLE,PRBallHandler,1.0064926318831553
2024-25,CLE,PRRollMan,1.2408648904858084
2024-25,CLE,Postup,1.0656310058106782
2024-25,CLE,Spotup,1.089672031716545
2024-25,CLE,Transition,1.1964407541494793
2024-25,DAL,Cut,1.36021252697924
2024-25,DAL,Handoff,1.0056339485488968
2024-25,DAL,Isolation,0.9542345310681151
2024-25,DAL,Misc,0.5665897973268758
2024-25,DAL,OffRebound,1.2030191296006778
2024-25,DAL,OffScreen,0.9582852636474031
2024-25,DAL,PRBallHandler,0.9248499022441706
2024-25,DAL,PRRollMan,1.0905388930074433
2024-25,DAL,Postup,0.9829949549719388
2024-25,DAL,Spotup,1.0440153043937257
2024-25,DAL,Transition,1.1155010396724947
2024-25,DEN,Cut,1.3728389697933414
2024-25,DEN,Handoff,0.9531855711962973
2024-25,DEN,Isolation,0.9222790027831237
2024-25,DEN,Misc,0.5134384338140091
2024-25,DEN,OffRebound,1.1631953884411983
2024-25,DEN,OffScreen,0.9775455620404335
2024-25,DEN,PRBallHandler,0.9242817572151396
2024-25,DEN,PRRollMan,1.2089324954835323
2024-25,DEN,Postup,0.9912029198751832
2024-25,DEN,Spotup,1.0671755353415977
2024-25,DEN,Transition,1.1897171628784373
2024-25,DET,Cut,1.3699023152447736
2024-25,DET,Handoff,1.0039981997093017
2024-25,DET,Isolation,0.8778840931074846
2024-25,DET,Misc,0.4097108418466183
2024-25,DET,OffRebound,1.1031108366471838
2024-25,DET,OffScreen,0.9982637465452208
2024-25,DET,PRBallHandler,0.8941873223221137
2024-25,DET,PRRollMan,1.116218034820508
2024-25,DET,Postup,1.030408997430321
2024-25,DET,Spotup,1.0716913178202283
2024-25,DET,Transition,1.1266242852860255
2024-25,GSW,Cut,1.2653585221528079
2024-25,GSW,Handoff,0.9387884903502444
2024-25,GSW,Isolation,0.8682435918681097
2024-25,GSW,Misc,0.4887189463759736
2024-25,GSW,OffRebound,0.9843555427785435
2024-25,GSW,OffScreen,1.06856023140455
2024-25,GSW,PRBallHandler,0.8512065205926171
2024-25,GSW,PRRollMan,1.041271862882628
2024-25,GSW,Postup,0.9087573575051792
2024-25,GSW,Spotup,1.0533288899936126
2024-25,GSW,Transition,1.1676915638201033
2024-25,HOU,Cut,1.2496107402987808
2024-25,HOU,Handoff,0.8882751475759534
2024-25,HOU,Isolation,0.8600720002416969
2024-25,HOU,Misc,0.4978686763946573
2024-25,HOU,OffRebound,1.0799784901409417
2024-25,HOU,OffScreen,1.0212311339364373
2024-25,HOU,PRBallHandler,0.9052960850673623
2024-25,HOU,PRRollMan,0.9850278390718903
2024-25,HOU,Postup,1.0507605851721733
2024-25,HOU,Spotup,0.988193649681516
2024-25,HOU,Transition,1.1142043926099428
2024-25,IND,Cut,1.346268105801705
2024-25,IND,Handoff,0.9998643130532918
2024-25,IND,Isolation,0.9329945034866592
2024-25,IND,Misc,0.5671685941716484
2024-25,IND,OffRebound,1.1225966248145403
2024-25,IND,OffScreen,1.200817910015079
2024-25,IND,PRBallHandler,0.9713393548621603
2024-25,IND,PRRollMan,1.1448571145473936
2024-25,IND,Postup,1.097964057744993
2024-25,IND,Spotup,1.0769354697820295
2024-25,IND,Transition,1.1935319624163272
2024-25,LAC,Cut,1.352191168972777
2024-25,LAC,Handoff,1.0082484512463068
2024-25,LAC,Isolation,0.9494559527335764
2024-25,LAC,Misc,0.42731450340048116
2024-25,LAC,OffRebound,1.1393888978780011
2024-25,LAC,OffScreen,0.9727825353388591
2024-25,LAC,PRBallHandler,0.8957592564524892
2024-25,LAC,PRRollMan,1.1270119575627693
2024-25,LAC,Postup,1.0659699362471842
2024-25,LAC,Spotup,1.097093361015483
2024-25,LAC,Transition,1.1316394442027917
2024-25,LAL,Cut,1.4131856706573989
2024-25,LAL,Handoff,0.9062357599639734
2024-25,LAL,Isolation,0.9831133487986016
2024-25,LAL,Misc,0.5186851580462779
2024-25,LAL,OffRebound,1.145169581425583
2024-25,LAL,OffScreen,1.048387990756642
2024-25,LAL,PRBallHandler,0.9200493798819923
2024-25,LAL,PRRollMan,1.1494792894118209
2024-25,LAL,Postup,0.9695536256799875
2024-25,LAL,Spotup,1.136001826052095
2024-25,LAL,Transition,1.1738382627367168
2024-25,MEM,Cut,1.2742719135466345
2024-25,MEM,Handoff,0.9673876149210057
2024-25,MEM,Isolation,0.9233531921727974
2024-25,MEM,Misc,0.5420307289487095
2024-25,MEM,OffRebound,1.1340848897279368
2024-25,MEM,OffScreen,1.1195307666132117
2024-25,MEM,PRBallHandler,0.8023659027947905
2024-25,MEM,PRRollMan,1.1795993442493273
2024-25,MEM,Postup,1.0249584836113628
2024-25,MEM,Spotup,1.0358412630553118
2024-25,MEM,Transition,1.1563475000226064
2024-25,MIA,Cut,1.2688143001787928
2024-25,MIA,Handoff,1.0018634301375995
2024-25,MIA,Isolation,0.9117229102626313
2024-25,MIA,Misc,0.4592788871742536
2024-25,MIA,OffRebound,1.044973142506937
2024-25,MIA,OffScreen,0.9841974330065808
2024-25,MIA,PRBallHandler,0.8837999008135334
2024-25,MIA,PRRollMan,1.0601090557006903
2024-25,MIA,Postup,0.9164374353755074
2024-25,MIA,Spotup,1.065236692081435
2024-25,MIA,Transition,1.1570044094383358
2024-25,MIL,Cut,1.3672467960744878
2024-25,MIL,Handoff,1.0594194377965016
2024-25,MIL,Isolation,0.9446166832552183
2024-25,MIL,Misc,0.5671792958411572
2024-25,MIL,OffRebound,1.266226818859729
2024-25,MIL,OffScreen,1.0117017965430075
2024-25,MIL,PRBallHandler,0.9424221037481825
2024-25,MIL,PRRollMan,1.1729555536050846
2024-25,MIL,Postup,0.9735843150288248
2024-25,MIL,Spotup,1.1269333307278675
2024-25,MIL,Transition,1.178282241907184
2024-25,MIN,Cut,1.304332540083323
2024-25,MIN,Handoff,0.9512977391534747
2024-25,MIN,Isolation,0.8813847382741891
2024-25,MIN,Misc,0.49994935685718495
2024-25,MIN,OffRebound,1.1562518597221052
2024-25,MIN,OffScreen,1.0185729877887015
2024-25,MIN,PRBallHandler,0.9308818033601166
2024-25,MIN,PRRollMan,1.1221151239062888
2024-25,MIN,Postup,0.9876610841229541
2024-25,MIN,Spotup,1.095345968287332
2024-25,MIN,Transition,1.1385923599900842
2024-25,NOP,Cut,1.1979393750319012
2024-25,NOP,Handoff,0.8940010718230236
2024-25,NOP,Isolation,0.8241061700769998
2024-25,NOP,Misc,0.4478078099343463
2024-25,NOP,OffRebound,1.1106095716780118
2024-25,NOP,OffScreen,0.915851057463813
2024-25,NOP,PRBallHandler,0.8222827774316137
2024-25,NOP,PRRollMan,1.0663343124816766
2024-25,NOP,Postup,0.9579928712178124
2024-25,NOP,Spotup,1.0292245811815899
2024-25,NOP,Transition,1.1675785156197875
2024-25,NYK,Cut,1.2999037035410772
2024-25,NYK,Handoff,0.9310844077884665
2024-25,NYK,Isolation,0.9373640582705288
2024-25,NYK,Misc,0.4909943286853773
2024-25,NYK,OffRebound,1.1536316187507032
2024-25,NYK,OffScreen,1.0021089661276665
2024-25,NYK,PRBallHandler,0.9965332586489193
2024-25,NYK,PRRollMan,1.144033557067389
2024-25,NYK,Postup,0.9713682576072666
2024-25,NYK,Spotup,1.0726090783016469
2024-25,NYK,Transition,1.158121676025175
2024-25,OKC,Cut,1.322535753644714
2024-25,OKC,Handoff,0.9781084784329298
2024-25,OKC,Isolation,1.0038178541756226
2024-25,OKC,Misc,0.5908865776091439
2024-25,OKC,OffRebound,1.115976241109308
2024-25,OKC,OffScreen,0.9582302664690958
2024-25,OKC,PRBallHandler,0.9737375389126502
2024-25,OKC,PRRollMan,1.0909333419539218
2024-25,OKC,Postup,1.0182313052489462
2024-25,OKC,Spotup,1.0720717676895446
2024-25,OKC,Transition,1.1787336345149815
2024-25,ORL,Cut,1.3162320992119403
2024-25,ORL,Handoff,0.8589920598836649
2024-25,ORL,Isolation,0.879748827373119
2024-25,ORL,Misc,0.5341511244382183
2024-25,ORL,OffRebound,1.1097714800011382
2024-25,ORL,OffScreen,0.7840702323972168
2024-25,ORL,PRBallHandler,0.8383860144355906
2024-25,ORL,PRRollMan,1.0359933591499264
2024-25,ORL,Postup,0.9505634954853202
2024-25,ORL,Spotup,0.9871941297130125
2024-25,ORL,Transition,1.0984085353210855
2024-25,PHI,Cut,1.324692463705627
2024-25,PHI,Handoff,0.8972117131853181
2024-25,PHI,Isolation,0.9050562019258777
2024-25,PHI,Misc,0.511152293847499
2024-25,PHI,OffRebound,1.0377035122547928
2024-25,PHI,OffScreen,0.9038888609695644
2024-25,PHI,PRBallHandler,0.8748544180003909
2024-25,PHI,PRRollMan,1.104619007085537
2024-25,PHI,Postup,0.9863645911211438
2024-25,PHI,Spotup,1.049066173967796
2024-25,PHI,Transition,1.1509852563277403
2024-25,PHX,Cut,1.2756937783742663
2024-25,PHX,Handoff,0.9293200301624308
2024-25,PHX,Isolation,1.050391858424667
2024-25,PHX,Misc,0.5334020831414666
2024-25,PHX,OffRebound,1.1479837002664575
2024-25,PHX,OffScreen,1.1121431312831205
2024-25,PHX,PRBallHandler,0.8794227984542154
2024-25,PHX,PRRollMan,1.1237204360111943
2024-25,PHX,Postup,0.9886371512619978
2024-25,PHX,Spotup,1.1142520117566737
2024-25,PHX,Transition,1.1607853229453848
2024-25,POR,Cut,1.1572427112497545
2024-25,POR,Handoff,0.9616291773147543
2024-25,POR,Isolation,0.8856459959639258
2024-25,POR,Misc,0.4725643005662059
2024-25,POR,OffRebound,1.1280263925277914
2024-25,POR,OffScreen,0.8907223880867476
2024-25,POR,PRBallHandler,0.906745113973895
2024-25,POR,PRRollMan,1.1063863350550251
2024-25,POR,Postup,0.8429317753958763
2024-25,POR,Spotup,1.0194877148240853
2024-25,POR,Transition,1.0402063284507395
2024-25,SAC,Cut,1.287755858522389
2024-25,SAC,Handoff,0.9874664730211742
2024-25,SAC,Isolation,0.9145591577154607
2024-25,SAC,Misc,0.5112088452908035
2024-25,SAC,OffRebound,1.1244305408156405
2024-25,SAC,OffScreen,1.1048105864112097
2024-25,SAC,PRBallHandler,0.9745515268938798
2024-25,SAC,PRRollMan,1.1072610513007448
2024-25,SAC,Postup,1.0585946945921
2024-25,SAC,Spotup,1.03201098038565
2024-25,SAC,Transition,1.1040477616447186
2024-25,SAS,Cut,1.3264315011674062
2024-25,SAS,Handoff,0.9242337986184844
2024-25,SAS,Isolation,0.9049386238663563
2024-25,SAS,Misc,0.5427036008143006
2024-25,SAS,OffRebound,1.0642561504350967
2024-25,SAS,OffScreen,1.0279083244079794
2024-25,SAS,PRBallHandler,0.8548763757410383
2024-25,SAS,PRRollMan,1.1346073315309533
2024-25,SAS,Postup,1.0291460393363285
2024-25,SAS,Spotup,1.042145436679021
2024-25,SAS,Transition,1.146305566576763
2024-25,TOR,Cut,1.1950984506834754
2024-25,TOR,Handoff,0.8307840625022513
2024-25,TOR,Isolation,0.9041473064755688
2024-25,TOR,Misc,0.3910737850875974
2024-25,TOR,OffRebound,1.0626402486336244
2024-25,TOR,OffScreen,0.9798915910796079
2024-25,TOR,PRBallHandler,0.8160776646143599
2024-25,TOR,PRRollMan,1.1329639407100438
2024-25,TOR,Postup,0.9116345870379108
2024-25,TOR,Spotup,1.0309893222703004
2024-25,TOR,Transition,1.0690128683525648
2024-25,UTA,Cut,1.2832058803797572
2024-25,UTA,Handoff,1.001182802860913
2024-25,UTA,Isolation,0.8482776047124307
2024-25,UTA,Misc,0.3962433496036031
2024-25,UTA,OffRebound,1.097539615220211
2024-25,UTA,OffScreen,0.9734665237397242
2024-25,UTA,PRBallHandler,0.8432432677365864
2024-25,UTA,PRRollMan,1.0643325508075898
2024-25,UTA,Postup,0.911996868192882
2024-25,UTA,Spotup,1.0419997019405665
2024-25,UTA,Transition,1.0886267990506022
2024-25,WAS,Cut,1.2259496265494407
2024-25,WAS,Handoff,0.8831796291035012
2024-25,WAS,Isolation,0.8160615714555626
2024-25,WAS,Misc,0.41281534744327586
2024-25,WAS,OffRebound,1.0482094883098563
2024-25,WAS,OffScreen,0.9347265188156055
2024-25,WAS,PRBallHandler,0.8513970275211571
2024-25,WAS,PRRollMan,1.042659393424684
2024-25,WAS,Postup,0.979607548812542
2024-25,WAS,Spotup,0.9599101610386703
2024-25,WAS,Transition,1.0723424722091237
